1,2016-01-22-46,2.86728237358
2,2016-01-22-46,0.000164348158693
3,2016-01-22-46,0.744646221248
4,2016-01-22-46,0.132532596423
5,2016-01-22-46,0.902610759943
6,2016-01-22-46,4.17750261965
7,2016-01-22-46,14.3311414074
8,2016-01-22-46,0.376188408686
9,2016-01-22-46,1.14417477988
10,2016-01-22-46,2.20829911652
11,2016-01-22-46,2.19374703244
12,2016-01-22-46,0.809236721527
13,2016-01-22-46,1.04707702811
14,2016-01-22-46,4.34418559447
15,2016-01-22-46,0.222263502948
16,2016-01-22-46,1.33775531481
17,2016-01-22-46,0.719293562218
18,2016-01-22-46,1.70214694424
19,2016-01-22-46,1.80316519196
20,2016-01-22-46,3.21473190221
21,2016-01-22-46,0.693488859495
22,2016-01-22-46,5.80541423683
23,2016-01-22-46,12.9669491349
24,2016-01-22-46,0.00184046570917
25,2016-01-22-46,0.560459983057
26,2016-01-22-46,4.25332911435
27,2016-01-22-46,6.46211096468
28,2016-01-22-46,2.5764262655
29,2016-01-22-46,1.33289627507
30,2016-01-22-46,0.371392065946
31,2016-01-22-46,3.9082524987
32,2016-01-22-46,0.0695538973896
33,2016-01-22-46,0.818725198387
34,2016-01-22-46,1.39161966028
35,2016-01-22-46,1.03174586393
36,2016-01-22-46,1.50936627787
37,2016-01-22-46,0.366790633952
38,2016-01-22-46,1.17986094974
39,2016-01-22-46,0.238730504227
40,2016-01-22-46,2.57348194417
41,2016-01-22-46,1.53238603909
42,2016-01-22-46,1.39130927751
43,2016-01-22-46,0.272307009429
44,2016-01-22-46,0.737828534599
45,2016-01-22-46,0.723471121577
46,2016-01-22-46,2.36149882402
47,2016-01-22-46,2.32095370124
48,2016-01-22-46,0.801984251073
49,2016-01-22-46,0.920331387404
50,2016-01-22-46,0.341222459266
51,2016-01-22-46,32.7701309054
52,2016-01-22-46,0.252226723653
53,2016-01-22-46,1.11790222835
54,2016-01-22-46,0.567208934564
55,2016-01-22-46,0.164908269467
56,2016-01-22-46,0.417634397039
57,2016-01-22-46,0.626842904466
58,2016-01-22-46,0.956337136952
59,2016-01-22-46,3.58756394313
60,2016-01-22-46,0.872634167802
61,2016-01-22-46,-0.0506245562915
62,2016-01-22-46,0.565670455632
63,2016-01-22-46,0.331340318858
64,2016-01-22-46,0.506222391928
65,2016-01-22-46,0.163792051792
66,2016-01-22-46,0.451078734215
1,2016-01-22-58,0.79968022912
2,2016-01-22-58,0.452992003935
3,2016-01-22-58,1.03897219689
4,2016-01-22-58,0.00556302276742
5,2016-01-22-58,1.08463748643
6,2016-01-22-58,16.612618852
7,2016-01-22-58,1.96679745817
8,2016-01-22-58,0.00108229701081
9,2016-01-22-58,0.583254426312
10,2016-01-22-58,3.23187396592
11,2016-01-22-58,2.19335359636
12,2016-01-22-58,0.579846651679
13,2016-01-22-58,0.945914934136
14,2016-01-22-58,0.0379890059643
15,2016-01-22-58,0.252507332229
16,2016-01-22-58,7.91872387541
17,2016-01-22-58,0.544604051207
18,2016-01-22-58,0.195775680066
19,2016-01-22-58,0.984336431256
20,2016-01-22-58,0.0313493487841
21,2016-01-22-58,0.339150725907
22,2016-01-22-58,11.2178842187
23,2016-01-22-58,0.0116088170437
24,2016-01-22-58,4.63986953773e-05
25,2016-01-22-58,1.14099976072
26,2016-01-22-58,6.53182538364e-05
27,2016-01-22-58,4.20000682541
28,2016-01-22-58,0.107920476339
29,2016-01-22-58,3.20370611867
30,2016-01-22-58,0.987794269332
31,2016-01-22-58,3.32270565486
32,2016-01-22-58,0.680918019488
33,2016-01-22-58,0.845312080082
34,2016-01-22-58,1.0457649066
35,2016-01-22-58,3.9315674642
36,2016-01-22-58,1.17157214051
37,2016-01-22-58,5.05133855064e-16
38,2016-01-22-58,0.0960299816724
39,2016-01-22-58,1.47406831382
40,2016-01-22-58,1.79609633808
41,2016-01-22-58,1.82993232789
42,2016-01-22-58,0.739176930008
43,2016-01-22-58,0.597222806036
44,2016-01-22-58,1.12789769854
45,2016-01-22-58,0.192010988797
46,2016-01-22-58,0.00802018807044
47,2016-01-22-58,3.05959200602
48,2016-01-22-58,0.00044110920075
49,2016-01-22-58,1.00472491753
50,2016-01-22-58,0.665494457276
51,2016-01-22-58,22.0745485434
52,2016-01-22-58,0.502272879811
53,2016-01-22-58,8.50997321713
54,2016-01-22-58,0.635722208113
55,2016-01-22-58,0.262695368341
56,2016-01-22-58,0.894930575311
57,2016-01-22-58,0.700119487552
58,2016-01-22-58,1.49128878272
59,2016-01-22-58,0.508684148725
60,2016-01-22-58,0.540755141904
61,2016-01-22-58,0.352691063158
62,2016-01-22-58,0.503452269008
63,2016-01-22-58,0.612847446657
64,2016-01-22-58,0.324488821152
65,2016-01-22-58,0.250303197825
66,2016-01-22-58,0.348330398814
1,2016-01-22-70,2.60629426929
2,2016-01-22-70,1.10296243468
3,2016-01-22-70,1.38921599216
4,2016-01-22-70,1.90314457434
5,2016-01-22-70,0.617855150029
6,2016-01-22-70,9.88842389996
7,2016-01-22-70,1.17522450752
8,2016-01-22-70,0.159495256425
9,2016-01-22-70,1.70454200993
10,2016-01-22-70,1.03884571083
11,2016-01-22-70,1.54337819818
12,2016-01-22-70,3.04099476473
13,2016-01-22-70,0.546159367051
14,2016-01-22-70,4.73872733856
15,2016-01-22-70,0.118230187114
16,2016-01-22-70,2.29185376118
17,2016-01-22-70,0.763550476708
18,2016-01-22-70,1.33967109518
19,2016-01-22-70,1.14601797706
20,2016-01-22-70,0.0181006509547
21,2016-01-22-70,1.48302805277
22,2016-01-22-70,10.5700668758
23,2016-01-22-70,2.30546802275
24,2016-01-22-70,2.88209194612e-06
25,2016-01-22-70,1.51815108619
26,2016-01-22-70,0.648729155707
27,2016-01-22-70,10.0164099774
28,2016-01-22-70,0.0988474767814
29,2016-01-22-70,6.36782436306
30,2016-01-22-70,0.394037436967
31,2016-01-22-70,2.81500957296
32,2016-01-22-70,0.468204257755
33,2016-01-22-70,0.895063664115
34,2016-01-22-70,1.63957400726
35,2016-01-22-70,1.91259909353
36,2016-01-22-70,0.657131824139
37,2016-01-22-70,0.0454633293954
38,2016-01-22-70,0.346308109976
39,2016-01-22-70,1.60751635642
40,2016-01-22-70,1.78944457226
41,2016-01-22-70,1.2345896818
42,2016-01-22-70,-8.37240431525e-10
43,2016-01-22-70,0.940570366923
44,2016-01-22-70,0.304504417386
45,2016-01-22-70,0.705036098324
46,2016-01-22-70,2.67163747396
47,2016-01-22-70,3.53779844486
48,2016-01-22-70,4.60001036949e-09
49,2016-01-22-70,0.0285472924097
50,2016-01-22-70,0.294580705759
51,2016-01-22-70,5.46040614928
52,2016-01-22-70,0.247711057886
53,2016-01-22-70,0.69752156764
54,2016-01-22-70,0.684838806445
55,2016-01-22-70,0.251211771728
56,2016-01-22-70,0.88936165058
57,2016-01-22-70,0.43768375517
58,2016-01-22-70,0.922960958086
59,2016-01-22-70,0.296003821945
60,2016-01-22-70,0.518494410564
61,2016-01-22-70,0.310464756535
62,2016-01-22-70,0.795087161555
63,2016-01-22-70,0.324692869983
64,2016-01-22-70,0.254442722456
65,2016-01-22-70,1.01190748358
66,2016-01-22-70,0.168763433859
1,2016-01-22-82,0.866665294707
2,2016-01-22-82,0.0259676860065
3,2016-01-22-82,0.839495926793
4,2016-01-22-82,5.34310827696e-05
5,2016-01-22-82,1.13557169999
6,2016-01-22-82,13.9813224836
7,2016-01-22-82,6.47633744333e-05
8,2016-01-22-82,0.0407075835019
9,2016-01-22-82,0.209277873891
10,2016-01-22-82,1.18149897709
11,2016-01-22-82,1.77062550928
12,2016-01-22-82,0.150689441777
13,2016-01-22-82,0.952237265373
14,2016-01-22-82,2.09895714419
15,2016-01-22-82,0.160433029414
16,2016-01-22-82,2.58599143428
17,2016-01-22-82,0.961239802286
18,2016-01-22-82,1.65739136507
19,2016-01-22-82,2.11622924315
20,2016-01-22-82,0.0530849969559
21,2016-01-22-82,1.2639879458
22,2016-01-22-82,13.5801118218
23,2016-01-22-82,13.3576079459
24,2016-01-22-82,2.14435030798
25,2016-01-22-82,1.10816692369
26,2016-01-22-82,0.0121891403988
27,2016-01-22-82,0.051469638117
28,2016-01-22-82,0.0268167558996
29,2016-01-22-82,3.99818667338
30,2016-01-22-82,0.433216917515
31,2016-01-22-82,1.91777653902
32,2016-01-22-82,0.73672630764
33,2016-01-22-82,1.02523880925
34,2016-01-22-82,1.07827692035
35,2016-01-22-82,3.39685151497
36,2016-01-22-82,0.808571978221
37,2016-01-22-82,0.0294430869196
38,2016-01-22-82,0.59993321023
39,2016-01-22-82,1.17445202666
40,2016-01-22-82,1.85299797033
41,2016-01-22-82,1.31614617254
42,2016-01-22-82,2.5340385237
43,2016-01-22-82,0.554976737321
44,2016-01-22-82,0.646851183272
45,2016-01-22-82,1.34216543264
46,2016-01-22-82,2.33456365493
47,2016-01-22-82,4.96152922759
48,2016-01-22-82,1.49367332141
49,2016-01-22-82,0.932732237471
50,2016-01-22-82,0.359329853597
51,2016-01-22-82,3.33331346956
52,2016-01-22-82,0.109633641051
53,2016-01-22-82,1.11334667647
54,2016-01-22-82,0.212990083508
55,2016-01-22-82,0.327460362201
56,2016-01-22-82,0.482076315088
57,2016-01-22-82,0.459141069188
58,2016-01-22-82,1.76385141705
59,2016-01-22-82,0.433175657591
60,2016-01-22-82,0.422028888611
61,2016-01-22-82,0.69764397717
62,2016-01-22-82,0.155917140627
63,2016-01-22-82,0.0127433770633
64,2016-01-22-82,0.290425886178
65,2016-01-22-82,6.2835918706e-11
66,2016-01-22-82,0.457564485904
1,2016-01-22-94,3.03546914513
2,2016-01-22-94,0.233222035564
3,2016-01-22-94,0.712457390666
4,2016-01-22-94,0.551726494493
5,2016-01-22-94,1.1593005288
6,2016-01-22-94,1.73274591332
7,2016-01-22-94,7.55261905356e-09
8,2016-01-22-94,3.59317557572
9,2016-01-22-94,1.53666177082
10,2016-01-22-94,0.62915424458
11,2016-01-22-94,1.60621306767
12,2016-01-22-94,0.679669105753
13,2016-01-22-94,0.422427606295
14,2016-01-22-94,5.25046301768
15,2016-01-22-94,0.269180070988
16,2016-01-22-94,0.611498850708
17,2016-01-22-94,0.575315813493
18,2016-01-22-94,1.89670412687
19,2016-01-22-94,1.00648002171
20,2016-01-22-94,0.00016007171443
21,2016-01-22-94,0.305558136661
22,2016-01-22-94,10.5518587797
23,2016-01-22-94,0.0926221950198
24,2016-01-22-94,0.0254526315922
25,2016-01-22-94,1.35500853245
26,2016-01-22-94,0.000640100792338
27,2016-01-22-94,6.54781148179
28,2016-01-22-94,1.42158012121
29,2016-01-22-94,1.81550951472
30,2016-01-22-94,0.381120829653
31,2016-01-22-94,1.64855922467
32,2016-01-22-94,0.0877518180772
33,2016-01-22-94,0.942737490572
34,2016-01-22-94,1.28133630172
35,2016-01-22-94,1.53495760781
36,2016-01-22-94,0.851657499114
37,2016-01-22-94,0.00201880695739
38,2016-01-22-94,1.06282510665
39,2016-01-22-94,1.7270744433
40,2016-01-22-94,1.43648585413
41,2016-01-22-94,0.809612938181
42,2016-01-22-94,0.297888550185
43,2016-01-22-94,1.57050750306
44,2016-01-22-94,0.279757782805
45,2016-01-22-94,0.645226307402
46,2016-01-22-94,0.165059591673
47,2016-01-22-94,3.28323940338
48,2016-01-22-94,0.0105863732205
49,2016-01-22-94,0.772011045767
50,2016-01-22-94,0.195848235718
51,2016-01-22-94,0.446368594262
52,2016-01-22-94,0.258091822858
53,2016-01-22-94,0.640736582648
54,2016-01-22-94,0.818726426842
55,2016-01-22-94,0.212612992277
56,2016-01-22-94,0.59790961047
57,2016-01-22-94,0.463405841557
58,2016-01-22-94,0.848754674831
59,2016-01-22-94,0.41485696751
60,2016-01-22-94,0.397655677854
61,2016-01-22-94,0.0855658582357
62,2016-01-22-94,0.127680999696
63,2016-01-22-94,0.103418729705
64,2016-01-22-94,0.221428769518
65,2016-01-22-94,0.00403928922063
66,2016-01-22-94,0.392714318725
1,2016-01-22-106,0.409022044031
2,2016-01-22-106,0.025747908347
3,2016-01-22-106,1.24580189289
4,2016-01-22-106,0.000833071120083
5,2016-01-22-106,1.04550416786
6,2016-01-22-106,-0.293200750565
7,2016-01-22-106,5.7130746997e-47
8,2016-01-22-106,2.19234299139e-06
9,2016-01-22-106,1.38105884069
10,2016-01-22-106,0.630642767652
11,2016-01-22-106,2.75532269149
12,2016-01-22-106,0.0159965691211
13,2016-01-22-106,0.158181724519
14,2016-01-22-106,0.0782601967866
15,2016-01-22-106,0.282145577278
16,2016-01-22-106,1.10743988291
17,2016-01-22-106,1.01730923485
18,2016-01-22-106,2.06320547237
19,2016-01-22-106,0.0712970279508
20,2016-01-22-106,0.00588972651353
21,2016-01-22-106,0.146750507428
22,2016-01-22-106,21.0376962263
23,2016-01-22-106,0.790136393471
24,2016-01-22-106,0.395262080005
25,2016-01-22-106,1.71218530679
26,2016-01-22-106,0.000136747781129
27,2016-01-22-106,2.16387689768
28,2016-01-22-106,0.0766480126453
29,2016-01-22-106,3.07835364983
30,2016-01-22-106,0.955657026823
31,2016-01-22-106,2.19634614576
32,2016-01-22-106,0.259737971556
33,2016-01-22-106,0.874472265214
34,2016-01-22-106,1.6184267906
35,2016-01-22-106,4.43326852437
36,2016-01-22-106,2.05346455961
37,2016-01-22-106,6.45451405865e-11
38,2016-01-22-106,0.229389444455
39,2016-01-22-106,0.461583238864
40,2016-01-22-106,1.003773802
41,2016-01-22-106,0.787308569169
42,2016-01-22-106,1.02473278427
43,2016-01-22-106,1.79523975503
44,2016-01-22-106,0.580954785952
45,2016-01-22-106,0.444415966294
46,2016-01-22-106,0.201341963718
47,2016-01-22-106,1.31438035216
48,2016-01-22-106,3.43165426532e-15
49,2016-01-22-106,0.061242617815
50,2016-01-22-106,0.903037424225
51,2016-01-22-106,4.19579851942e-08
52,2016-01-22-106,0.317026466709
53,2016-01-22-106,2.15370378337
54,2016-01-22-106,0.516995306769
55,2016-01-22-106,0.29167223127
56,2016-01-22-106,0.736672235039
57,2016-01-22-106,0.597168223182
58,2016-01-22-106,0.493037290811
59,2016-01-22-106,0.297873578257
60,2016-01-22-106,0.46542011796
61,2016-01-22-106,0.54277025511
62,2016-01-22-106,0.0265213620678
63,2016-01-22-106,-3.42737234382e-09
64,2016-01-22-106,0.554625496012
65,2016-01-22-106,0.0671965574763
66,2016-01-22-106,0.422650610093
1,2016-01-22-118,3.52929289387
2,2016-01-22-118,0.021055365739
3,2016-01-22-118,1.32053742509
4,2016-01-22-118,0.00208918687885
5,2016-01-22-118,0.753246368469
6,2016-01-22-118,1.18863859702
7,2016-01-22-118,0.000727799638652
8,2016-01-22-118,1.75046926072
9,2016-01-22-118,2.10890687298
10,2016-01-22-118,0.727293266718
11,2016-01-22-118,1.40620772568
12,2016-01-22-118,1.55582710802
13,2016-01-22-118,0.384211718728
14,2016-01-22-118,1.33405935275
15,2016-01-22-118,0.522467883425
16,2016-01-22-118,0.112733792161
17,2016-01-22-118,0.71646052424
18,2016-01-22-118,0.742939303346
19,2016-01-22-118,0.863817564364
20,2016-01-22-118,0.721964125083
21,2016-01-22-118,1.13004547059
22,2016-01-22-118,9.59483328253
23,2016-01-22-118,0.262849166622
24,2016-01-22-118,0.744890592715
25,2016-01-22-118,0.57478875476
26,2016-01-22-118,1.78104779441e-07
27,2016-01-22-118,7.51314106589
28,2016-01-22-118,5.11465905762
29,2016-01-22-118,1.1438980778
30,2016-01-22-118,0.0985840872903
31,2016-01-22-118,2.18182849509
32,2016-01-22-118,1.13400507371
33,2016-01-22-118,0.767053413614
34,2016-01-22-118,0.89594078138
35,2016-01-22-118,4.71982209353
36,2016-01-22-118,0.992680574872
37,2016-01-22-118,0.309023760403
38,2016-01-22-118,0.483384872258
39,2016-01-22-118,1.76655896764
40,2016-01-22-118,0.513955951698
41,2016-01-22-118,0.444151822517
42,2016-01-22-118,0.893892272948
43,2016-01-22-118,0.794728443549
44,2016-01-22-118,0.809162647069
45,2016-01-22-118,0.293272171326
46,2016-01-22-118,0.115731620151
47,2016-01-22-118,0.426883667316
48,2016-01-22-118,3.64018243117
49,2016-01-22-118,0.693591125622
50,2016-01-22-118,0.282460709806
51,2016-01-22-118,9.56160388859
52,2016-01-22-118,0.103159707795
53,2016-01-22-118,2.73401253584
54,2016-01-22-118,1.14515664109
55,2016-01-22-118,0.213471347232
56,2016-01-22-118,0.518676443944
57,2016-01-22-118,0.523562861629
58,2016-01-22-118,0.154086811605
59,2016-01-22-118,0.442804526854
60,2016-01-22-118,0.578144858907
61,2016-01-22-118,0.154649307275
62,2016-01-22-118,0.458971130368
63,2016-01-22-118,0.464664725981
64,2016-01-22-118,0.65807444386
65,2016-01-22-118,0.0331629714684
66,2016-01-22-118,0.575893043077
1,2016-01-22-130,3.07924610075
2,2016-01-22-130,0.454709243358
3,2016-01-22-130,0.447592681568
4,2016-01-22-130,1.60140570616
5,2016-01-22-130,0.875755555952
6,2016-01-22-130,0.356520768494
7,2016-01-22-130,0.0040228773024
8,2016-01-22-130,0.0285335261027
9,2016-01-22-130,0.433085845481
10,2016-01-22-130,0.35346353293
11,2016-01-22-130,1.45173828758
12,2016-01-22-130,1.23439897551
13,2016-01-22-130,0.254407905292
14,2016-01-22-130,2.76820522974
15,2016-01-22-130,0.366905896137
16,2016-01-22-130,1.05976005564
17,2016-01-22-130,0.548915656615
18,2016-01-22-130,0.604067572705
19,2016-01-22-130,2.20795167679
20,2016-01-22-130,0.509455270158
21,2016-01-22-130,0.81217064467
22,2016-01-22-130,15.4214651067
23,2016-01-22-130,4.0653083282
24,2016-01-22-130,1.27224084074
25,2016-01-22-130,1.27785642251
26,2016-01-22-130,0.194053872851
27,2016-01-22-130,1.08338115529
28,2016-01-22-130,0.334658845307
29,2016-01-22-130,1.23505168928
30,2016-01-22-130,0.416627045215
31,2016-01-22-130,1.63979759416
32,2016-01-22-130,0.039129656466
33,2016-01-22-130,0.601596853106
34,2016-01-22-130,0.839531174315
35,2016-01-22-130,2.13905583653
36,2016-01-22-130,0.470261715079
37,2016-01-22-130,0.00212705437635
38,2016-01-22-130,1.1057350954
39,2016-01-22-130,2.4031770275
40,2016-01-22-130,0.822289341117
41,2016-01-22-130,0.397827839632
42,2016-01-22-130,1.8490184342
43,2016-01-22-130,0.619563275052
44,2016-01-22-130,0.372701780819
45,2016-01-22-130,0.216038315467
46,2016-01-22-130,0.202450874675
47,2016-01-22-130,0.693311119693
48,2016-01-22-130,0.243289184465
49,2016-01-22-130,0.606145056585
50,2016-01-22-130,0.489482357264
51,2016-01-22-130,3.58583207421e-16
52,2016-01-22-130,0.186458429974
53,2016-01-22-130,1.26472580012
54,2016-01-22-130,0.982811832157
55,2016-01-22-130,0.221677296826
56,2016-01-22-130,0.900017316647
57,2016-01-22-130,0.45327010052
58,2016-01-22-130,0.822096033555
59,2016-01-22-130,0.441404052957
60,2016-01-22-130,0.991109081951
61,2016-01-22-130,0.0745596078104
62,2016-01-22-130,0.920371042156
63,2016-01-22-130,0.163899628493
64,2016-01-22-130,0.364009918341
65,2016-01-22-130,0.517414005852
66,2016-01-22-130,0.313880447568
1,2016-01-22-142,0.137731219465
2,2016-01-22-142,0.000264067837962
3,2016-01-22-142,0.933727061809
4,2016-01-22-142,1.70175521227
5,2016-01-22-142,0.32317619898
6,2016-01-22-142,0.0466994622108
7,2016-01-22-142,0.0717342120224
8,2016-01-22-142,0.198852440684
9,2016-01-22-142,0.87923110268
10,2016-01-22-142,0.769715399423
11,2016-01-22-142,0.72391882275
12,2016-01-22-142,0.040264934506
13,2016-01-22-142,0.1157812614
14,2016-01-22-142,0.0106741586897
15,2016-01-22-142,0.124774546724
16,2016-01-22-142,0.800763790157
17,2016-01-22-142,0.309947823455
18,2016-01-22-142,1.35068450153
19,2016-01-22-142,1.04259075199
20,2016-01-22-142,0.196879918234
21,2016-01-22-142,0.757686858342
22,2016-01-22-142,14.8191877661
23,2016-01-22-142,0.133893655045
24,2016-01-22-142,0.0925196017985
25,2016-01-22-142,1.7151864349
26,2016-01-22-142,0.293915825538
27,2016-01-22-142,2.12013381504
28,2016-01-22-142,0.00748922275568
29,2016-01-22-142,0.83307698921
30,2016-01-22-142,0.831919996945
31,2016-01-22-142,1.26780325568
32,2016-01-22-142,0.0966930695841
33,2016-01-22-142,0.661971211871
34,2016-01-22-142,0.62667905802
35,2016-01-22-142,1.15497249284
36,2016-01-22-142,0.634750891722
37,2016-01-22-142,0.870691310788
38,2016-01-22-142,0.536145686018
39,2016-01-22-142,1.98341495148
40,2016-01-22-142,1.57577677722
41,2016-01-22-142,0.254829176626
42,2016-01-22-142,0.466547848211
43,2016-01-22-142,0.204502269152
44,2016-01-22-142,0.180286238482
45,2016-01-22-142,0.469766451757
46,2016-01-22-142,0.47178629785
47,2016-01-22-142,0.98784867445
48,2016-01-22-142,0.00108637924642
49,2016-01-22-142,0.0134669627679
50,2016-01-22-142,0.419644114704
51,2016-01-22-142,0.282281205832
52,2016-01-22-142,0.112525335444
53,2016-01-22-142,0.374698028768
54,2016-01-22-142,0.260900351549
55,2016-01-22-142,0.45434831645
56,2016-01-22-142,0.46336734673
57,2016-01-22-142,0.398104284703
58,2016-01-22-142,0.612972460924
59,2016-01-22-142,0.322239650285
60,2016-01-22-142,0.412199153616
61,2016-01-22-142,0.332582516861
62,2016-01-22-142,0.587479042061
63,2016-01-22-142,0.0850188856991
64,2016-01-22-142,0.796339112058
65,2016-01-22-142,0.264604040974
66,2016-01-22-142,0.630799495504
1,2016-01-24-58,2.38125531773
2,2016-01-24-58,0.334651849958
3,2016-01-24-58,1.49161061781
4,2016-01-24-58,0.300985111657
5,2016-01-24-58,0.376553257683
6,2016-01-24-58,8.11415791586
7,2016-01-24-58,1.07452401117
8,2016-01-24-58,6.10347314708
9,2016-01-24-58,1.4585809108
10,2016-01-24-58,0.753630886518
11,2016-01-24-58,2.0632418617
12,2016-01-24-58,3.6784761839
13,2016-01-24-58,1.88651108157
14,2016-01-24-58,0.885901041717
15,2016-01-24-58,0.113785624122
16,2016-01-24-58,0.907580591057
17,2016-01-24-58,0.468735745814
18,2016-01-24-58,2.12286627242
19,2016-01-24-58,1.25251714752
20,2016-01-24-58,0.821370145396
21,2016-01-24-58,1.42720526991
22,2016-01-24-58,10.0469360283
23,2016-01-24-58,14.0266853281
24,2016-01-24-58,7.55471436508e-05
25,2016-01-24-58,2.11989991369
26,2016-01-24-58,2.06329396662
27,2016-01-24-58,9.98106387553
28,2016-01-24-58,4.73047061483
29,2016-01-24-58,3.29582876417
30,2016-01-24-58,0.577830461729
31,2016-01-24-58,4.3939658237
32,2016-01-24-58,0.498063120786
33,2016-01-24-58,0.828173923469
34,2016-01-24-58,1.60684217732
35,2016-01-24-58,1.96816153231
36,2016-01-24-58,0.517922179147
37,2016-01-24-58,0.0121328159405
38,2016-01-24-58,0.686242080603
39,2016-01-24-58,1.19946335057
40,2016-01-24-58,3.51834797675
41,2016-01-24-58,1.43449802793
42,2016-01-24-58,2.75577833019
43,2016-01-24-58,0.568479924317
44,2016-01-24-58,0.512930216044
45,2016-01-24-58,0.872363891554
46,2016-01-24-58,0.353439729577
47,2016-01-24-58,1.96841125206
48,2016-01-24-58,0.955126717961
49,2016-01-24-58,0.905655169585
50,2016-01-24-58,0.497107459089
51,2016-01-24-58,0.00532272363797
52,2016-01-24-58,0.821964961698
53,2016-01-24-58,1.63339500207
54,2016-01-24-58,0.624864387881
55,2016-01-24-58,0.14772363733
56,2016-01-24-58,1.05573571046
57,2016-01-24-58,0.451717944502
58,2016-01-24-58,0.902940628007
59,2016-01-24-58,0.370706081205
60,2016-01-24-58,0.516286835429
61,2016-01-24-58,0.178790557254
62,2016-01-24-58,0.316279614854
63,2016-01-24-58,0.47734507652
64,2016-01-24-58,0.398611798021
65,2016-01-24-58,0.151582320597
66,2016-01-24-58,0.502410859945
1,2016-01-24-70,5.17497313713
2,2016-01-24-70,0.701864683263
3,2016-01-24-70,0.888114843148
4,2016-01-24-70,0.151241929405
5,2016-01-24-70,0.92717419502
6,2016-01-24-70,3.91663426384
7,2016-01-24-70,1.45690149975
8,2016-01-24-70,0.034719879165
9,2016-01-24-70,0.127306531153
10,2016-01-24-70,1.24580912054
11,2016-01-24-70,1.93394059315
12,2016-01-24-70,1.31612725848
13,2016-01-24-70,1.53522513504
14,2016-01-24-70,0.138426205737
15,2016-01-24-70,0.204814504667
16,2016-01-24-70,2.38525156877
17,2016-01-24-70,1.19739471196
18,2016-01-24-70,2.15596819244
19,2016-01-24-70,0.607586884874
20,2016-01-24-70,0.605043693694
21,2016-01-24-70,1.25601850022
22,2016-01-24-70,14.2768005517
23,2016-01-24-70,19.4607300772
24,2016-01-24-70,0.0636721752664
25,2016-01-24-70,2.46429921987
26,2016-01-24-70,2.49673221606
27,2016-01-24-70,10.3172082775
28,2016-01-24-70,1.37342976505
29,2016-01-24-70,2.60357308019
30,2016-01-24-70,0.149803076002
31,2016-01-24-70,2.45078228202
32,2016-01-24-70,0.0772397062874
33,2016-01-24-70,0.895869306988
34,2016-01-24-70,1.65220303773
35,2016-01-24-70,2.13138848802
36,2016-01-24-70,0.965679455939
37,2016-01-24-70,0.000400123077195
38,2016-01-24-70,6.6497952561
39,2016-01-24-70,1.55078457498
40,2016-01-24-70,2.14791404895
41,2016-01-24-70,3.32860299745
42,2016-01-24-70,2.26327939084
43,2016-01-24-70,0.441222766852
44,2016-01-24-70,0.647043014291
45,2016-01-24-70,2.43150920708
46,2016-01-24-70,0.491498847286
47,2016-01-24-70,2.61300616797
48,2016-01-24-70,1.58351840577
49,2016-01-24-70,0.500882476112
50,2016-01-24-70,1.46627357303
51,2016-01-24-70,3.16139056565
52,2016-01-24-70,0.429644587611
53,2016-01-24-70,1.05018047959
54,2016-01-24-70,0.645795212992
55,2016-01-24-70,0.234809170065
56,2016-01-24-70,1.40087044762
57,2016-01-24-70,0.452345614604
58,2016-01-24-70,1.63863722331
59,2016-01-24-70,0.348285929858
60,2016-01-24-70,1.09037911938
61,2016-01-24-70,0.164979086034
62,2016-01-24-70,0.0114414135462
63,2016-01-24-70,0.0490976100903
64,2016-01-24-70,0.371578114666
65,2016-01-24-70,0.213133376786
66,2016-01-24-70,0.310343022884
1,2016-01-24-82,4.96603461259
2,2016-01-24-82,0.245038092699
3,2016-01-24-82,0.667881494756
4,2016-01-24-82,0.135062034574
5,2016-01-24-82,1.32519338232
6,2016-01-24-82,4.75982954648
7,2016-01-24-82,1.50654693955e-06
8,2016-01-24-82,0.0910564824539
9,2016-01-24-82,0.208011525828
10,2016-01-24-82,0.37149197389
11,2016-01-24-82,2.45030144485
12,2016-01-24-82,3.86883253435
13,2016-01-24-82,1.24508232076
14,2016-01-24-82,4.56178725083
15,2016-01-24-82,0.321832072132
16,2016-01-24-82,0.752091954651
17,2016-01-24-82,0.186629783868
18,2016-01-24-82,1.5676428871
19,2016-01-24-82,1.86252633476
20,2016-01-24-82,0.0445649951352
21,2016-01-24-82,2.57192325275
22,2016-01-24-82,14.8668052267
23,2016-01-24-82,7.31252574602
24,2016-01-24-82,0.255652031126
25,2016-01-24-82,0.878785892539
26,2016-01-24-82,0.0020736111197
27,2016-01-24-82,7.31461855238
28,2016-01-24-82,2.31300580202
29,2016-01-24-82,3.06646166313
30,2016-01-24-82,0.790593375632
31,2016-01-24-82,3.0308071063
32,2016-01-24-82,0.00469856921157
33,2016-01-24-82,0.840355318204
34,2016-01-24-82,1.71149438696
35,2016-01-24-82,1.87321528251
36,2016-01-24-82,0.769040106602
37,2016-01-24-82,0.00685066569551
38,2016-01-24-82,1.02460361668
39,2016-01-24-82,0.338424314417
40,2016-01-24-82,2.13190330873
41,2016-01-24-82,2.28830552459
42,2016-01-24-82,1.11619531057
43,2016-01-24-82,0.876294392313
44,2016-01-24-82,0.403367276703
45,2016-01-24-82,1.69666887383
46,2016-01-24-82,1.29223932381e-06
47,2016-01-24-82,2.94332502905
48,2016-01-24-82,0.022211335515
49,2016-01-24-82,0.894426161603
50,2016-01-24-82,0.566528579368
51,2016-01-24-82,53.591674606
52,2016-01-24-82,0.0585531614846
53,2016-01-24-82,2.9656061058
54,2016-01-24-82,0.807545992445
55,2016-01-24-82,0.338851654369
56,2016-01-24-82,0.966141094934
57,2016-01-24-82,0.544818729367
58,2016-01-24-82,1.43508200665
59,2016-01-24-82,0.359304307567
60,2016-01-24-82,0.447961780061
61,2016-01-24-82,0.379389079192
62,2016-01-24-82,0.160675494901
63,2016-01-24-82,0.867867963099
64,2016-01-24-82,0.567389901561
65,2016-01-24-82,-0.0592952467493
66,2016-01-24-82,0.342850226093
1,2016-01-24-94,0.562806148436
2,2016-01-24-94,0.000138357679332
3,2016-01-24-94,0.584674399352
4,2016-01-24-94,3.45796179383
5,2016-01-24-94,1.0693785226
6,2016-01-24-94,1.72044034059
7,2016-01-24-94,0.0489181082205
8,2016-01-24-94,0.000720399927817
9,2016-01-24-94,0.195066446853
10,2016-01-24-94,0.797131625986
11,2016-01-24-94,1.98560091444
12,2016-01-24-94,2.27702678136
13,2016-01-24-94,0.921164325891
14,2016-01-24-94,0.769349413929
15,2016-01-24-94,0.316553619249
16,2016-01-24-94,1.3526561426
17,2016-01-24-94,0.759954224163
18,2016-01-24-94,1.04803232766
19,2016-01-24-94,1.60972712841
20,2016-01-24-94,0.0275582235151
21,2016-01-24-94,1.04697174967
22,2016-01-24-94,12.9762411986
23,2016-01-24-94,10.7333220957
24,2016-01-24-94,1.82180280214
25,2016-01-24-94,1.33934160591
26,2016-01-24-94,2.76531931265
27,2016-01-24-94,6.79275427141
28,2016-01-24-94,2.52797696862
29,2016-01-24-94,1.75247626851
30,2016-01-24-94,0.805410075328
31,2016-01-24-94,1.98723720158
32,2016-01-24-94,0.244658765186
33,2016-01-24-94,0.89167794936
34,2016-01-24-94,1.6534877975
35,2016-01-24-94,2.42523917325
36,2016-01-24-94,0.890403426152
37,2016-01-24-94,0.627673766522
38,2016-01-24-94,0.274227448505
39,2016-01-24-94,1.10820112442
40,2016-01-24-94,1.74401196556
41,2016-01-24-94,2.18089764725
42,2016-01-24-94,0.649912947158
43,2016-01-24-94,0.746362545366
44,2016-01-24-94,-0.000617470126432
45,2016-01-24-94,0.569940000492
46,2016-01-24-94,2.30812243884
47,2016-01-24-94,1.43541716855
48,2016-01-24-94,0.000640660183736
49,2016-01-24-94,0.282379085213
50,2016-01-24-94,0.437640402667
51,2016-01-24-94,0.603342923495
52,2016-01-24-94,0.326568554507
53,2016-01-24-94,1.29275149597
54,2016-01-24-94,0.406557358433
55,2016-01-24-94,0.204470300605
56,2016-01-24-94,0.49448103268
57,2016-01-24-94,0.395896592138
58,2016-01-24-94,1.48880980261
59,2016-01-24-94,0.360896971971
60,2016-01-24-94,0.900209041906
61,2016-01-24-94,0.528513274346
62,2016-01-24-94,0.280500730341
63,2016-01-24-94,0.283897933012
64,2016-01-24-94,0.151648286925
65,2016-01-24-94,0.638778402059
66,2016-01-24-94,0.688178032145
1,2016-01-24-106,3.32502936741
2,2016-01-24-106,0.494256369024
3,2016-01-24-106,1.27602799448
4,2016-01-24-106,0.0263675992254
5,2016-01-24-106,1.04836110016
6,2016-01-24-106,1.40567997639
7,2016-01-24-106,0.212119331982
8,2016-01-24-106,0.202320750003
9,2016-01-24-106,0.0529119219377
10,2016-01-24-106,1.483029203
11,2016-01-24-106,2.52819683303
12,2016-01-24-106,1.08177594482
13,2016-01-24-106,2.64794623966
14,2016-01-24-106,0.0524313362442
15,2016-01-24-106,0.493601798037
16,2016-01-24-106,5.71053784609
17,2016-01-24-106,0.420736332903
18,2016-01-24-106,1.51596993505
19,2016-01-24-106,0.266001324571
20,2016-01-24-106,2.35438028314
21,2016-01-24-106,0.380644639884
22,2016-01-24-106,22.8939519612
23,2016-01-24-106,0.0169386911214
24,2016-01-24-106,0.20103685883
25,2016-01-24-106,2.02159845812
26,2016-01-24-106,2.45207170688
27,2016-01-24-106,0.506433486126
28,2016-01-24-106,0.285963666848
29,2016-01-24-106,1.50125342518
30,2016-01-24-106,0.058676284288
31,2016-01-24-106,2.13287431442
32,2016-01-24-106,0.0742072032092
33,2016-01-24-106,0.912567850678
34,2016-01-24-106,1.78059273131
35,2016-01-24-106,2.97190640587
36,2016-01-24-106,1.71675168006
37,2016-01-24-106,0.0150054379151
38,2016-01-24-106,0.0179946304612
39,2016-01-24-106,1.78851551288
40,2016-01-24-106,1.12320177064
41,2016-01-24-106,0.324686683225
42,2016-01-24-106,0.59617784636
43,2016-01-24-106,0.826045860392
44,2016-01-24-106,0.338389630106
45,2016-01-24-106,0.920167637048
46,2016-01-24-106,1.59609837691
47,2016-01-24-106,1.41091609075
48,2016-01-24-106,1.88364468655e-16
49,2016-01-24-106,0.750491600066
50,2016-01-24-106,0.456792643645
51,2016-01-24-106,4.40845174812
52,2016-01-24-106,0.304690786879
53,2016-01-24-106,1.13357466481
54,2016-01-24-106,0.12710600295
55,2016-01-24-106,0.241470085869
56,2016-01-24-106,1.67069492274
57,2016-01-24-106,0.664763711948
58,2016-01-24-106,0.865917318032
59,2016-01-24-106,0.292853889649
60,2016-01-24-106,0.804199046698
61,2016-01-24-106,0.495742124552
62,2016-01-24-106,0.00728502857139
63,2016-01-24-106,0.17359686408
64,2016-01-24-106,0.396002615717
65,2016-01-24-106,0.343814402259
66,2016-01-24-106,0.754118815465
1,2016-01-24-118,5.06446495186
2,2016-01-24-118,0.441722745958
3,2016-01-24-118,0.274838347913
4,2016-01-24-118,1.18862341672
5,2016-01-24-118,0.779334739617
6,2016-01-24-118,0.207273249166
7,2016-01-24-118,0.135330373713
8,2016-01-24-118,4.23212858109
9,2016-01-24-118,0.0410493022954
10,2016-01-24-118,1.81970335697
11,2016-01-24-118,1.67582062417
12,2016-01-24-118,0.131434041418
13,2016-01-24-118,0.0499554744325
14,2016-01-24-118,0.598851108677
15,2016-01-24-118,0.12311408571
16,2016-01-24-118,0.672836077896
17,2016-01-24-118,0.348798346716
18,2016-01-24-118,1.24398607287
19,2016-01-24-118,0.902121212147
20,2016-01-24-118,4.17996460409
21,2016-01-24-118,0.656893877024
22,2016-01-24-118,16.2967739969
23,2016-01-24-118,0.490497379093
24,2016-01-24-118,7.74382711125e-08
25,2016-01-24-118,1.66449192047
26,2016-01-24-118,1.27319667429
27,2016-01-24-118,4.02825162463
28,2016-01-24-118,2.82697855193
29,2016-01-24-118,1.60041303091
30,2016-01-24-118,0.286561816513
31,2016-01-24-118,2.62656131681
32,2016-01-24-118,0.433728410849
33,2016-01-24-118,0.836116097047
34,2016-01-24-118,1.29971656778
35,2016-01-24-118,1.94542308131
36,2016-01-24-118,0.763757287808
37,2016-01-24-118,1.82510176141
38,2016-01-24-118,0.030801028303
39,2016-01-24-118,1.96747560793
40,2016-01-24-118,1.86111550453
41,2016-01-24-118,0.607347180881
42,2016-01-24-118,1.66016149989
43,2016-01-24-118,0.436182264276
44,2016-01-24-118,0.463368293565
45,2016-01-24-118,0.0544964303999
46,2016-01-24-118,1.17094774027
47,2016-01-24-118,3.607987792
48,2016-01-24-118,1.14503134315
49,2016-01-24-118,0.912545894367
50,2016-01-24-118,0.31929152249
51,2016-01-24-118,16.0510040502
52,2016-01-24-118,0.514836507007
53,2016-01-24-118,1.04231138099
54,2016-01-24-118,0.0675632891684
55,2016-01-24-118,0.327534651326
56,2016-01-24-118,1.59839952747
57,2016-01-24-118,0.427856699534
58,2016-01-24-118,0.972433987007
59,2016-01-24-118,0.370515324107
60,2016-01-24-118,0.545052563289
61,2016-01-24-118,0.441117585419
62,2016-01-24-118,0.187243484834
63,2016-01-24-118,0.209583869286
64,2016-01-24-118,0.619091474954
65,2016-01-24-118,0.164514680021
66,2016-01-24-118,0.728165717686
1,2016-01-24-130,0.179550170766
2,2016-01-24-130,0.407587391643
3,2016-01-24-130,0.504150333859
4,2016-01-24-130,0.679738520513
5,2016-01-24-130,0.590547527645
6,2016-01-24-130,-0.195180234223
7,2016-01-24-130,2.04419565786
8,2016-01-24-130,0.51395825534
9,2016-01-24-130,1.01084238187
10,2016-01-24-130,1.12831768318
11,2016-01-24-130,1.70364359282
12,2016-01-24-130,2.20235104279
13,2016-01-24-130,0.646520767616
14,2016-01-24-130,1.86898238946
15,2016-01-24-130,0.118934181148
16,2016-01-24-130,1.40437988552
17,2016-01-24-130,0.378262132766
18,2016-01-24-130,1.3952564628
19,2016-01-24-130,1.72065050888
20,2016-01-24-130,5.68217378025
21,2016-01-24-130,1.61610383527
22,2016-01-24-130,14.8510047784
23,2016-01-24-130,2.70758271871
24,2016-01-24-130,0.000121272221338
25,2016-01-24-130,1.19662319507
26,2016-01-24-130,0.375799547166
27,2016-01-24-130,3.47870592957
28,2016-01-24-130,3.73436423462
29,2016-01-24-130,1.63495921643
30,2016-01-24-130,0.40817298816
31,2016-01-24-130,1.74911470397
32,2016-01-24-130,0.379727665481
33,2016-01-24-130,0.904482858245
34,2016-01-24-130,1.07458131429
35,2016-01-24-130,1.31702177264
36,2016-01-24-130,0.571845578558
37,2016-01-24-130,0.000159008669244
38,2016-01-24-130,0.445585359766
39,2016-01-24-130,2.40035574318
40,2016-01-24-130,2.736562616
41,2016-01-24-130,1.54076236439
42,2016-01-24-130,2.53442291797
43,2016-01-24-130,1.36526131069
44,2016-01-24-130,0.204362609333
45,2016-01-24-130,0.440597221114
46,2016-01-24-130,0.215756595833
47,2016-01-24-130,0.968325083094
48,2016-01-24-130,1.35998814492
49,2016-01-24-130,0.936207592246
50,2016-01-24-130,0.54057495867
51,2016-01-24-130,57.8165211279
52,2016-01-24-130,0.143263840317
53,2016-01-24-130,1.16543426582
54,2016-01-24-130,0.357851789366
55,2016-01-24-130,0.283131980109
56,2016-01-24-130,1.66051768164
57,2016-01-24-130,0.409595782235
58,2016-01-24-130,0.717115494747
59,2016-01-24-130,0.917733204538
60,2016-01-24-130,0.275687225614
61,2016-01-24-130,0.689182169921
62,2016-01-24-130,0.000574471610537
63,2016-01-24-130,0.088884685029
64,2016-01-24-130,0.479360178448
65,2016-01-24-130,0.350559159446
66,2016-01-24-130,0.48620184221
1,2016-01-24-142,0.470074775875
2,2016-01-24-142,0.00396284492641
3,2016-01-24-142,1.17721692601
4,2016-01-24-142,1.4372232005
5,2016-01-24-142,0.64013419524
6,2016-01-24-142,0.658578005275
7,2016-01-24-142,0.201061078134
8,2016-01-24-142,2.08704580286
9,2016-01-24-142,0.809489232222
10,2016-01-24-142,0.166671059165
11,2016-01-24-142,0.990066839589
12,2016-01-24-142,0.78263679828
13,2016-01-24-142,0.325935906999
14,2016-01-24-142,1.48863851292
15,2016-01-24-142,0.163106966648
16,2016-01-24-142,0.383181320665
17,2016-01-24-142,0.316897701863
18,2016-01-24-142,2.62769859661
19,2016-01-24-142,8.90396748022e-05
20,2016-01-24-142,1.10062555936
21,2016-01-24-142,0.911127557114
22,2016-01-24-142,14.3158899706
23,2016-01-24-142,0.222514353122
24,2016-01-24-142,0.0100588724092
25,2016-01-24-142,1.53574700781
26,2016-01-24-142,0.767784961224
27,2016-01-24-142,0.145721044969
28,2016-01-24-142,0.00324674826526
29,2016-01-24-142,2.00900211673
30,2016-01-24-142,0.346848898345
31,2016-01-24-142,2.08978636141
32,2016-01-24-142,0.259852879471
33,2016-01-24-142,0.618371818421
34,2016-01-24-142,0.748839233265
35,2016-01-24-142,0.810499827738
36,2016-01-24-142,0.678761259514
37,2016-01-24-142,0.00856241507281
38,2016-01-24-142,0.92666867081
39,2016-01-24-142,3.39287617341
40,2016-01-24-142,1.36798284783
41,2016-01-24-142,0.673141434829
42,2016-01-24-142,1.49169116775
43,2016-01-24-142,0.873129497721
44,2016-01-24-142,0.547364736958
45,2016-01-24-142,0.175701303455
46,2016-01-24-142,1.88863844791
47,2016-01-24-142,0.772120313456
48,2016-01-24-142,0.156020308074
49,2016-01-24-142,0.359000342698
50,2016-01-24-142,0.558256910744
51,2016-01-24-142,0.00985980659743
52,2016-01-24-142,0.0203218197749
53,2016-01-24-142,1.03497548188
54,2016-01-24-142,0.210946136737
55,2016-01-24-142,0.564274840248
56,2016-01-24-142,0.308776213257
57,2016-01-24-142,0.365100962715
58,2016-01-24-142,0.311157429901
59,2016-01-24-142,0.296945584809
60,2016-01-24-142,0.220248299555
61,2016-01-24-142,0.447051978258
62,2016-01-24-142,0.134238120231
63,2016-01-24-142,-0.01045829046
64,2016-01-24-142,0.282655009045
65,2016-01-24-142,0.268213354535
66,2016-01-24-142,0.467137031206
1,2016-01-26-46,2.43237514696
2,2016-01-26-46,0.000441801304607
3,2016-01-26-46,0.621939612147
4,2016-01-26-46,0.447021745594
5,2016-01-26-46,0.847202336999
6,2016-01-26-46,12.7578350468
7,2016-01-26-46,0.865066306729
8,2016-01-26-46,0.170471116239
9,2016-01-26-46,1.19178786645
10,2016-01-26-46,2.12115384733
11,2016-01-26-46,2.07594666488
12,2016-01-26-46,2.74191367715
13,2016-01-26-46,1.81271434655
14,2016-01-26-46,1.6299972574
15,2016-01-26-46,0.127497829994
16,2016-01-26-46,1.58589188624
17,2016-01-26-46,0.724827504939
18,2016-01-26-46,2.20446459304
19,2016-01-26-46,1.45551315742
20,2016-01-26-46,0.903305802149
21,2016-01-26-46,0.81245775111
22,2016-01-26-46,9.20085364552
23,2016-01-26-46,2.65791930755
24,2016-01-26-46,0.151699125343
25,2016-01-26-46,0.84871369107
26,2016-01-26-46,0.448077875185
27,2016-01-26-46,1.63652083842
28,2016-01-26-46,1.94685154937
29,2016-01-26-46,0.175669679219
30,2016-01-26-46,0.870622913104
31,2016-01-26-46,4.03705925172
32,2016-01-26-46,0.0239652537221
33,2016-01-26-46,0.9674637423
34,2016-01-26-46,1.57602413472
35,2016-01-26-46,1.1354631351
36,2016-01-26-46,1.10077391565
37,2016-01-26-46,0.528062582093
38,2016-01-26-46,0.321846115526
39,2016-01-26-46,1.0122262941
40,2016-01-26-46,2.03004157612
41,2016-01-26-46,1.90543245218
42,2016-01-26-46,0.51723152369
43,2016-01-26-46,0.490738116346
44,2016-01-26-46,1.33817075274
45,2016-01-26-46,0.836508016842
46,2016-01-26-46,1.10815995016
47,2016-01-26-46,1.66285017855
48,2016-01-26-46,7.97252683274
49,2016-01-26-46,1.29485198496
50,2016-01-26-46,0.362392830898
51,2016-01-26-46,34.0075957467
52,2016-01-26-46,0.30151138708
53,2016-01-26-46,2.00114886432
54,2016-01-26-46,0.750561741843
55,2016-01-26-46,0.167687351874
56,2016-01-26-46,0.706973518485
57,2016-01-26-46,0.572349957601
58,2016-01-26-46,1.31870287847
59,2016-01-26-46,0.0202550419761
60,2016-01-26-46,0.390011134674
61,2016-01-26-46,0.298877732128
62,2016-01-26-46,0.135367522272
63,2016-01-26-46,0.46864371886
64,2016-01-26-46,0.661950476051
65,2016-01-26-46,0.600785002426
66,2016-01-26-46,0.684530754659
1,2016-01-26-58,0.403201960042
2,2016-01-26-58,0.584558074621
3,2016-01-26-58,0.680407835405
4,2016-01-26-58,6.20973968032e-05
5,2016-01-26-58,0.813336167942
6,2016-01-26-58,32.5977225069
7,2016-01-26-58,0.00197473364622
8,2016-01-26-58,0.00277580178965
9,2016-01-26-58,0.247917147302
10,2016-01-26-58,2.06264745252
11,2016-01-26-58,2.52160394662
12,2016-01-26-58,1.1608629477
13,2016-01-26-58,1.08497284254
14,2016-01-26-58,0.000482012983343
15,2016-01-26-58,0.377340181262
16,2016-01-26-58,2.65430035456
17,2016-01-26-58,1.32929119639
18,2016-01-26-58,2.33821756636
19,2016-01-26-58,0.245566379931
20,2016-01-26-58,0.504613867629
21,2016-01-26-58,2.11513753933
22,2016-01-26-58,12.6534982897
23,2016-01-26-58,1.20486770308
24,2016-01-26-58,1.66061520376e-07
25,2016-01-26-58,0.303436982076
26,2016-01-26-58,0.0188302616438
27,2016-01-26-58,17.2238844549
28,2016-01-26-58,0.0212602382648
29,2016-01-26-58,1.76645515
30,2016-01-26-58,0.54322615651
31,2016-01-26-58,4.10928510033
32,2016-01-26-58,0.206484121109
33,2016-01-26-58,1.1971569832
34,2016-01-26-58,1.4510760267
35,2016-01-26-58,2.62125977576
36,2016-01-26-58,1.17205891583
37,2016-01-26-58,1.23067814405e-14
38,2016-01-26-58,1.4303223307
39,2016-01-26-58,0.976322099659
40,2016-01-26-58,2.15459377622
41,2016-01-26-58,0.957158762516
42,2016-01-26-58,0.4910455107
43,2016-01-26-58,0.635675089316
44,2016-01-26-58,0.39278174053
45,2016-01-26-58,0.657515843532
46,2016-01-26-58,1.0065428326e-06
47,2016-01-26-58,4.37186097065
48,2016-01-26-58,0.161312588545
49,2016-01-26-58,1.77419896842
50,2016-01-26-58,0.446715802429
51,2016-01-26-58,23.7190121511
52,2016-01-26-58,0.469866686278
53,2016-01-26-58,0.52699654163
54,2016-01-26-58,0.756069386246
55,2016-01-26-58,0.222870993407
56,2016-01-26-58,1.03910461167
57,2016-01-26-58,0.543586584495
58,2016-01-26-58,0.768979677852
59,2016-01-26-58,0.565025503666
60,2016-01-26-58,0.650420118317
61,2016-01-26-58,0.423994059333
62,2016-01-26-58,0.429990556937
63,2016-01-26-58,0.109377128491
64,2016-01-26-58,0.0183830954496
65,2016-01-26-58,0.0591147330872
66,2016-01-26-58,0.218503652623
1,2016-01-26-70,3.29448145925
2,2016-01-26-70,0.480202823354
3,2016-01-26-70,1.09638412932
4,2016-01-26-70,2.0974932067
5,2016-01-26-70,1.28508942574
6,2016-01-26-70,5.19861700508
7,2016-01-26-70,1.63621891967
8,2016-01-26-70,0.0865034940019
9,2016-01-26-70,2.19495914185
10,2016-01-26-70,0.634100900693
11,2016-01-26-70,1.5817570229
12,2016-01-26-70,1.35838614706
13,2016-01-26-70,1.26804621811
14,2016-01-26-70,4.8760065023
15,2016-01-26-70,0.107607972036
16,2016-01-26-70,0.473994581167
17,2016-01-26-70,0.798804245858
18,2016-01-26-70,1.01704410306
19,2016-01-26-70,1.70879749878
20,2016-01-26-70,0.167426384041
21,2016-01-26-70,1.63991788551
22,2016-01-26-70,12.8643610286
23,2016-01-26-70,0.00300516310805
24,2016-01-26-70,0.0167084160801
25,2016-01-26-70,1.05670959665
26,2016-01-26-70,0.0307066517163
27,2016-01-26-70,13.516932232
28,2016-01-26-70,5.52352597218
29,2016-01-26-70,1.64880693776
30,2016-01-26-70,0.399166016862
31,2016-01-26-70,3.379153316
32,2016-01-26-70,0.462651180219
33,2016-01-26-70,0.944395204093
34,2016-01-26-70,0.924311169775
35,2016-01-26-70,1.82100715877
36,2016-01-26-70,0.361456101117
37,2016-01-26-70,4.89422068956e-06
38,2016-01-26-70,0.823788822385
39,2016-01-26-70,1.10337660016
40,2016-01-26-70,1.00759832797
41,2016-01-26-70,2.4067168142
42,2016-01-26-70,2.05020316369
43,2016-01-26-70,0.995678711685
44,2016-01-26-70,0.454523392646
45,2016-01-26-70,0.75547662599
46,2016-01-26-70,8.23994127816
47,2016-01-26-70,3.21232258383
48,2016-01-26-70,1.00898910274
49,2016-01-26-70,1.23649232885
50,2016-01-26-70,0.669265160172
51,2016-01-26-70,77.2915487812
52,2016-01-26-70,0.433723455931
53,2016-01-26-70,0.456652729572
54,2016-01-26-70,0.648291374564
55,2016-01-26-70,0.20684220145
56,2016-01-26-70,0.604282348504
57,2016-01-26-70,0.501893193471
58,2016-01-26-70,1.15118794258
59,2016-01-26-70,0.228101859594
60,2016-01-26-70,0.596461469326
61,2016-01-26-70,0.356104763022
62,2016-01-26-70,0.14838598683
63,2016-01-26-70,0.177872105903
64,2016-01-26-70,0.240891393078
65,2016-01-26-70,0.322132102018
66,2016-01-26-70,0.501384146509
1,2016-01-26-82,1.97650324874
2,2016-01-26-82,0.467386059319
3,2016-01-26-82,1.26249322998
4,2016-01-26-82,0.655973303139
5,2016-01-26-82,1.39606736722
6,2016-01-26-82,2.71074715077
7,2016-01-26-82,0.000542031829961
8,2016-01-26-82,0.475767178675
9,2016-01-26-82,0.879279269754
10,2016-01-26-82,0.928384362967
11,2016-01-26-82,2.01823063047
12,2016-01-26-82,4.11959430819
13,2016-01-26-82,0.902549660302
14,2016-01-26-82,3.98429827584
15,2016-01-26-82,0.122071791456
16,2016-01-26-82,1.43290345215
17,2016-01-26-82,0.638203294083
18,2016-01-26-82,1.88204396677
19,2016-01-26-82,0.836950535833
20,2016-01-26-82,1.45800081055
21,2016-01-26-82,2.16181337258
22,2016-01-26-82,8.6535313454
23,2016-01-26-82,3.07126091132e-09
24,2016-01-26-82,0.0598004894344
25,2016-01-26-82,1.58328028927
26,2016-01-26-82,1.08104119123
27,2016-01-26-82,1.83280999266
28,2016-01-26-82,1.13949067965e-23
29,2016-01-26-82,2.33973643888
30,2016-01-26-82,0.185956180081
31,2016-01-26-82,2.96748674715
32,2016-01-26-82,0.719325080473
33,2016-01-26-82,0.979780579189
34,2016-01-26-82,1.60528696964
35,2016-01-26-82,1.77361182504
36,2016-01-26-82,0.822351105572
37,2016-01-26-82,0.000215982976007
38,2016-01-26-82,1.26163346035
39,2016-01-26-82,0.684336794873
40,2016-01-26-82,4.24545481807
41,2016-01-26-82,1.19404372722
42,2016-01-26-82,9.76948802272e-06
43,2016-01-26-82,0.853081926737
44,2016-01-26-82,0.46357717862
45,2016-01-26-82,0.837101273989
46,2016-01-26-82,2.53728982465e-06
47,2016-01-26-82,2.20128465997
48,2016-01-26-82,0.0322094984104
49,2016-01-26-82,0.813674397145
50,2016-01-26-82,0.384234757899
51,2016-01-26-82,93.888318992
52,2016-01-26-82,0.33463879632
53,2016-01-26-82,1.40425886228
54,2016-01-26-82,1.488614779
55,2016-01-26-82,0.120627654319
56,2016-01-26-82,0.48200919451
57,2016-01-26-82,0.4421364566
58,2016-01-26-82,1.08274664536
59,2016-01-26-82,1.22095751959
60,2016-01-26-82,0.379077557034
61,2016-01-26-82,0.103582592951
62,2016-01-26-82,0.219874297161
63,2016-01-26-82,0.16571545014
64,2016-01-26-82,0.407405539219
65,2016-01-26-82,0.241658357344
66,2016-01-26-82,0.306365493081
1,2016-01-26-94,0.902959502428
2,2016-01-26-94,0.227693725348
3,2016-01-26-94,0.737972137785
4,2016-01-26-94,0.472134407809
5,2016-01-26-94,0.876783062134
6,2016-01-26-94,0.643827866854
7,2016-01-26-94,2.95356210961e-05
8,2016-01-26-94,0.00085696211767
9,2016-01-26-94,2.38790334758
10,2016-01-26-94,0.504284564977
11,2016-01-26-94,1.53445559653
12,2016-01-26-94,5.27205919433
13,2016-01-26-94,1.19281599559
14,2016-01-26-94,0.0769499278371
15,2016-01-26-94,0.080531756832
16,2016-01-26-94,0.771354870832
17,2016-01-26-94,0.450315758504
18,2016-01-26-94,1.35096072731
19,2016-01-26-94,0.92828127172
20,2016-01-26-94,0.0765337947913
21,2016-01-26-94,1.64783829106
22,2016-01-26-94,0.562041723051
23,2016-01-26-94,0.741651194214
24,2016-01-26-94,0.579156796687
25,2016-01-26-94,1.60221849934
26,2016-01-26-94,1.29450319361
27,2016-01-26-94,3.09960186893
28,2016-01-26-94,2.10500735746
29,2016-01-26-94,1.92780381485
30,2016-01-26-94,0.4905200586
31,2016-01-26-94,2.45502664932
32,2016-01-26-94,0.0627979185451
33,2016-01-26-94,1.01796744401
34,2016-01-26-94,1.11170187349
35,2016-01-26-94,1.43108061293
36,2016-01-26-94,0.688077883994
37,2016-01-26-94,0.0357452138335
38,2016-01-26-94,0.094294994296
39,2016-01-26-94,1.25417170589
40,2016-01-26-94,0.784316483988
41,2016-01-26-94,0.453553170811
42,2016-01-26-94,1.48574384553
43,2016-01-26-94,0.187699468923
44,2016-01-26-94,0.243492926567
45,2016-01-26-94,1.02728158649
46,2016-01-26-94,1.35904816574
47,2016-01-26-94,1.42372803283
48,2016-01-26-94,8.00670017926e-08
49,2016-01-26-94,0.290176536528
50,2016-01-26-94,1.1095201077
51,2016-01-26-94,2.71572757911e-15
52,2016-01-26-94,0.29557259648
53,2016-01-26-94,1.42031587281
54,2016-01-26-94,0.490105185388
55,2016-01-26-94,0.218048817587
56,2016-01-26-94,0.89055748632
57,2016-01-26-94,0.540851806815
58,2016-01-26-94,1.10090038596
59,2016-01-26-94,0.300342307931
60,2016-01-26-94,0.579113076045
61,2016-01-26-94,0.0684656364953
62,2016-01-26-94,0.183317179452
63,2016-01-26-94,0.00528748679422
64,2016-01-26-94,0.276555538259
65,2016-01-26-94,0.242216898125
66,2016-01-26-94,0.318168621
1,2016-01-26-106,0.438536674734
2,2016-01-26-106,0.00046377205817
3,2016-01-26-106,0.807661148153
4,2016-01-26-106,2.39774701094
5,2016-01-26-106,1.13214292153
6,2016-01-26-106,2.64080849203
7,2016-01-26-106,8.44236584603e-05
8,2016-01-26-106,0.327637027849
9,2016-01-26-106,0.29813049373
10,2016-01-26-106,0.311193152817
11,2016-01-26-106,2.20427491915
12,2016-01-26-106,1.4907807895
13,2016-01-26-106,1.19104424704
14,2016-01-26-106,7.28331957588e-05
15,2016-01-26-106,0.475619684508
16,2016-01-26-106,2.03448274989
17,2016-01-26-106,0.443891813425
18,2016-01-26-106,2.30648792482
19,2016-01-26-106,0.00429036951859
20,2016-01-26-106,0.00493239485947
21,2016-01-26-106,0.238340728504
22,2016-01-26-106,19.4909167121
23,2016-01-26-106,0.311573525823
24,2016-01-26-106,0.542558396053
25,2016-01-26-106,1.67578446086
26,2016-01-26-106,0.0170330974216
27,2016-01-26-106,0.632162938014
28,2016-01-26-106,0.0625768307031
29,2016-01-26-106,0.660789198537
30,2016-01-26-106,0.926353895261
31,2016-01-26-106,2.0911196266
32,2016-01-26-106,0.283646423834
33,2016-01-26-106,0.788274520781
34,2016-01-26-106,1.69494018417
35,2016-01-26-106,4.39381566526
36,2016-01-26-106,1.41366437349
37,2016-01-26-106,0.00264244223717
38,2016-01-26-106,0.604912822903
39,2016-01-26-106,2.88165293896
40,2016-01-26-106,0.771061689605
41,2016-01-26-106,0.0954927752565
42,2016-01-26-106,0.214722962017
43,2016-01-26-106,0.251516539461
44,2016-01-26-106,0.147772019638
45,2016-01-26-106,0.754335529909
46,2016-01-26-106,2.34719363621
47,2016-01-26-106,0.0958144174904
48,2016-01-26-106,1.01716082401e-18
49,2016-01-26-106,0.707691642154
50,2016-01-26-106,0.793542841442
51,2016-01-26-106,1.27632856753e-06
52,2016-01-26-106,0.0300884128648
53,2016-01-26-106,3.3485080846
54,2016-01-26-106,0.0320731794601
55,2016-01-26-106,0.152511163162
56,2016-01-26-106,1.30199936746
57,2016-01-26-106,0.597118699075
58,2016-01-26-106,0.411070751156
59,2016-01-26-106,0.642517516119
60,2016-01-26-106,0.703672623405
61,2016-01-26-106,0.632788445917
62,2016-01-26-106,0.107110644102
63,2016-01-26-106,0.213392957778
64,2016-01-26-106,1.09530518472
65,2016-01-26-106,0.0047920016534
66,2016-01-26-106,0.223583059984
1,2016-01-26-118,4.40718446216
2,2016-01-26-118,0.369619732844
3,2016-01-26-118,0.499952859364
4,2016-01-26-118,1.93249555144
5,2016-01-26-118,0.715454754855
6,2016-01-26-118,-2.67521104961e-20
7,2016-01-26-118,0.000413936704615
8,2016-01-26-118,0.822340367608
9,2016-01-26-118,1.21316926735
10,2016-01-26-118,1.21945567594
11,2016-01-26-118,1.19959593713
12,2016-01-26-118,3.74843488494
13,2016-01-26-118,0.684697680379
14,2016-01-26-118,0.956996597283
15,2016-01-26-118,0.128173672707
16,2016-01-26-118,0.20192208902
17,2016-01-26-118,0.185525356081
18,2016-01-26-118,1.34577197535
19,2016-01-26-118,1.09094763882
20,2016-01-26-118,1.32090083199
21,2016-01-26-118,2.56327862642
22,2016-01-26-118,19.0561854542
23,2016-01-26-118,0.30888283807
24,2016-01-26-118,0.670290419423
25,2016-01-26-118,1.3376646397
26,2016-01-26-118,0.525089961479
27,2016-01-26-118,4.494408347
28,2016-01-26-118,0.580063672614
29,2016-01-26-118,0.918108771308
30,2016-01-26-118,0.252448472105
31,2016-01-26-118,1.90918164003
32,2016-01-26-118,1.1454040084
33,2016-01-26-118,0.837489890407
34,2016-01-26-118,1.03687039634
35,2016-01-26-118,3.09122505693
36,2016-01-26-118,0.859332802621
37,2016-01-26-118,1.26814188195
38,2016-01-26-118,0.630520804272
39,2016-01-26-118,1.42303174435
40,2016-01-26-118,1.51132855192
41,2016-01-26-118,-0.0657301585559
42,2016-01-26-118,0.930945153889
43,2016-01-26-118,1.1190820236
44,2016-01-26-118,0.707639034918
45,2016-01-26-118,0.858897722105
46,2016-01-26-118,2.2358798212
47,2016-01-26-118,2.0087278742
48,2016-01-26-118,0.0340967589353
49,2016-01-26-118,0.339447128266
50,2016-01-26-118,0.345184857455
51,2016-01-26-118,2.84155090612
52,2016-01-26-118,0.159288928199
53,2016-01-26-118,1.93267629444
54,2016-01-26-118,0.395561954698
55,2016-01-26-118,0.349011481336
56,2016-01-26-118,0.467326176639
57,2016-01-26-118,0.435905051773
58,2016-01-26-118,0.366538473931
59,2016-01-26-118,0.138107306505
60,2016-01-26-118,0.337887027317
61,2016-01-26-118,0.372238697106
62,2016-01-26-118,0.248118846879
63,2016-01-26-118,0.13321433035
64,2016-01-26-118,0.483945377567
65,2016-01-26-118,0.311815701678
66,2016-01-26-118,0.412036711677
1,2016-01-26-130,0.0523898796937
2,2016-01-26-130,0.429361329232
3,2016-01-26-130,0.480722290491
4,2016-01-26-130,2.95136338929
5,2016-01-26-130,0.7819340088
6,2016-01-26-130,0.751450405206
7,2016-01-26-130,0.0327389259238
8,2016-01-26-130,0.0825029408971
9,2016-01-26-130,0.918035743051
10,2016-01-26-130,0.713020224062
11,2016-01-26-130,1.4378859869
12,2016-01-26-130,0.841861307046
13,2016-01-26-130,0.724407929001
14,2016-01-26-130,0.58698010166
15,2016-01-26-130,0.118105819436
16,2016-01-26-130,0.456523475243
17,2016-01-26-130,0.416841557033
18,2016-01-26-130,0.974489367671
19,2016-01-26-130,0.433343771155
20,2016-01-26-130,0.403547641004
21,2016-01-26-130,1.58214865544
22,2016-01-26-130,15.8386149871
23,2016-01-26-130,1.0016407836
24,2016-01-26-130,1.34343038728
25,2016-01-26-130,2.36878764771
26,2016-01-26-130,2.08209844607
27,2016-01-26-130,0.772063326924
28,2016-01-26-130,0.0515462827817
29,2016-01-26-130,0.804604511272
30,2016-01-26-130,0.331469324358
31,2016-01-26-130,2.07064071053
32,2016-01-26-130,0.403756066489
33,2016-01-26-130,0.829570609791
34,2016-01-26-130,1.33153471483
35,2016-01-26-130,1.9595328274
36,2016-01-26-130,0.43512826332
37,2016-01-26-130,0.3383024111
38,2016-01-26-130,0.0750579564863
39,2016-01-26-130,1.73404914506
40,2016-01-26-130,0.304633697551
41,2016-01-26-130,0.385627713399
42,2016-01-26-130,0.618371718508
43,2016-01-26-130,0.868174630817
44,2016-01-26-130,0.619024812212
45,2016-01-26-130,0.415652057451
46,2016-01-26-130,0.378809257269
47,2016-01-26-130,1.16860460921
48,2016-01-26-130,0.117754534353
49,2016-01-26-130,0.324962477895
50,2016-01-26-130,0.142506282804
51,2016-01-26-130,0.0138573515085
52,2016-01-26-130,0.58256356159
53,2016-01-26-130,0.544613898935
54,2016-01-26-130,0.262757799206
55,2016-01-26-130,0.288162083109
56,2016-01-26-130,1.14822084297
57,2016-01-26-130,0.400600305564
58,2016-01-26-130,0.631082738162
59,2016-01-26-130,0.399561155682
60,2016-01-26-130,0.358247191213
61,2016-01-26-130,0.290148896861
62,2016-01-26-130,0.0721603114697
63,2016-01-26-130,0.465072002913
64,2016-01-26-130,0.496745341643
65,2016-01-26-130,0.639731774688
66,2016-01-26-130,0.523565018331
1,2016-01-26-142,0.117402714343
2,2016-01-26-142,0.108482658332
3,2016-01-26-142,0.257982200333
4,2016-01-26-142,1.53774755988
5,2016-01-26-142,0.425951514316
6,2016-01-26-142,1.04403291271
7,2016-01-26-142,0.0549941672068
8,2016-01-26-142,0.305208476553
9,2016-01-26-142,0.802808529282
10,2016-01-26-142,0.191557233352
11,2016-01-26-142,0.884598246242
12,2016-01-26-142,0.218675063518
13,2016-01-26-142,0.354748244563
14,2016-01-26-142,1.39466916383
15,2016-01-26-142,0.119316331327
16,2016-01-26-142,0.8336638197
17,2016-01-26-142,0.0904230739197
18,2016-01-26-142,1.46703536191
19,2016-01-26-142,2.53516839902
20,2016-01-26-142,1.32438825212
21,2016-01-26-142,1.02336672111
22,2016-01-26-142,6.40844889582
23,2016-01-26-142,0.0654779734296
24,2016-01-26-142,0.00697066377682
25,2016-01-26-142,0.937323039722
26,2016-01-26-142,1.29786715437
27,2016-01-26-142,1.41168717027
28,2016-01-26-142,0.746122481589
29,2016-01-26-142,0.111797426508
30,2016-01-26-142,0.522613026117
31,2016-01-26-142,1.14243854798
32,2016-01-26-142,0.180728955623
33,2016-01-26-142,0.800315148232
34,2016-01-26-142,0.570603436816
35,2016-01-26-142,0.923458721348
36,2016-01-26-142,0.400898026932
37,2016-01-26-142,0.881610354141
38,2016-01-26-142,2.01609109144
39,2016-01-26-142,1.60407527825
40,2016-01-26-142,0.840790286853
41,2016-01-26-142,0.648285746196
42,2016-01-26-142,0.757459134675
43,2016-01-26-142,0.597915899729
44,2016-01-26-142,0.127877370409
45,2016-01-26-142,0.438303776719
46,2016-01-26-142,1.58707433152
47,2016-01-26-142,0.758424245469
48,2016-01-26-142,0.00356923926291
49,2016-01-26-142,0.540784329994
50,2016-01-26-142,0.465961210903
51,2016-01-26-142,15.3591908452
52,2016-01-26-142,0.253187374098
53,2016-01-26-142,0.417423294878
54,2016-01-26-142,0.375560028514
55,2016-01-26-142,0.360389216882
56,2016-01-26-142,0.791213814242
57,2016-01-26-142,0.391605290015
58,2016-01-26-142,0.491908187642
59,2016-01-26-142,0.145002004171
60,2016-01-26-142,1.02286526826
61,2016-01-26-142,0.415724795719
62,2016-01-26-142,0.542871631332
63,2016-01-26-142,0.522569045461
64,2016-01-26-142,0.43062906417
65,2016-01-26-142,0.00512651030232
66,2016-01-26-142,0.398324191225
1,2016-01-28-58,0.832543695694
2,2016-01-28-58,0.36109942953
3,2016-01-28-58,0.699330078402
4,2016-01-28-58,3.01898399989e-05
5,2016-01-28-58,1.4604832533
6,2016-01-28-58,26.1346672992
7,2016-01-28-58,0.00441478825323
8,2016-01-28-58,3.09770975356e-05
9,2016-01-28-58,0.053514906866
10,2016-01-28-58,1.34003393325
11,2016-01-28-58,2.22109664201
12,2016-01-28-58,0.599739731394
13,2016-01-28-58,0.290291709978
14,2016-01-28-58,0.000791834953872
15,2016-01-28-58,0.225311101343
16,2016-01-28-58,3.87108455859
17,2016-01-28-58,0.431673905287
18,2016-01-28-58,2.24921064919
19,2016-01-28-58,0.807870424819
20,2016-01-28-58,0.00128967304327
21,2016-01-28-58,0.794013199362
22,2016-01-28-58,6.81874895098
23,2016-01-28-58,0.0275540035785
24,2016-01-28-58,0.00281913803354
25,2016-01-28-58,7.45779398135
26,2016-01-28-58,5.87546384884e-06
27,2016-01-28-58,1.29505644355
28,2016-01-28-58,0.00054706317422
29,2016-01-28-58,1.30204306924
30,2016-01-28-58,0.609406737339
31,2016-01-28-58,3.86139000237
32,2016-01-28-58,0.909830162171
33,2016-01-28-58,0.995340903539
34,2016-01-28-58,1.58238327139
35,2016-01-28-58,3.21230978463
36,2016-01-28-58,0.241785512401
37,2016-01-28-58,8.67565284108e-16
38,2016-01-28-58,3.3097556186
39,2016-01-28-58,0.855798154026
40,2016-01-28-58,3.57726268247
41,2016-01-28-58,1.74333764797
42,2016-01-28-58,0.00295841372195
43,2016-01-28-58,0.350785435963
44,2016-01-28-58,0.210464595279
45,2016-01-28-58,0.264656833294
46,2016-01-28-58,0.0104445649854
47,2016-01-28-58,2.16897173764
48,2016-01-28-58,0.387654658654
49,2016-01-28-58,1.53228902019
50,2016-01-28-58,0.99841391483
51,2016-01-28-58,63.414052656
52,2016-01-28-58,0.388313842847
53,2016-01-28-58,1.86444751844
54,2016-01-28-58,0.366382949208
55,2016-01-28-58,0.182791191262
56,2016-01-28-58,0.509511434826
57,2016-01-28-58,0.595363729774
58,2016-01-28-58,1.71951533489
59,2016-01-28-58,0.568301162451
60,2016-01-28-58,0.883837861738
61,2016-01-28-58,1.22081391845
62,2016-01-28-58,0.381707653749
63,2016-01-28-58,0.643168497674
64,2016-01-28-58,0.321656216538
65,2016-01-28-58,0.713680906751
66,2016-01-28-58,0.147207962118
1,2016-01-28-70,0.578439549403
2,2016-01-28-70,0.0534305887883
3,2016-01-28-70,1.00608679156
4,2016-01-28-70,1.4422863456
5,2016-01-28-70,0.563770245657
6,2016-01-28-70,4.77914968236
7,2016-01-28-70,0.0533854310895
8,2016-01-28-70,0.4833588028
9,2016-01-28-70,1.72264000299
10,2016-01-28-70,1.44373822588
11,2016-01-28-70,1.49420984526
12,2016-01-28-70,2.32805130902
13,2016-01-28-70,1.33974085163
14,2016-01-28-70,1.0674999786
15,2016-01-28-70,0.108649315172
16,2016-01-28-70,2.740470711
17,2016-01-28-70,0.504537328009
18,2016-01-28-70,1.32866320736
19,2016-01-28-70,0.78246795963
20,2016-01-28-70,1.09952918364
21,2016-01-28-70,0.735995874741
22,2016-01-28-70,15.7327312782
23,2016-01-28-70,0.483532753475
24,2016-01-28-70,2.60408489456
25,2016-01-28-70,1.46582351061
26,2016-01-28-70,1.02038227004
27,2016-01-28-70,1.03027043509
28,2016-01-28-70,2.6575681457
29,2016-01-28-70,4.96919449071
30,2016-01-28-70,0.353298060408
31,2016-01-28-70,2.36899438748
32,2016-01-28-70,0.37695790731
33,2016-01-28-70,0.91796347595
34,2016-01-28-70,1.01952876043
35,2016-01-28-70,2.11232604733
36,2016-01-28-70,0.714429138983
37,2016-01-28-70,0.117041374547
38,2016-01-28-70,2.05046285575
39,2016-01-28-70,1.52598067341
40,2016-01-28-70,1.31578872769
41,2016-01-28-70,1.94316664211
42,2016-01-28-70,2.0630947977
43,2016-01-28-70,0.48558970463
44,2016-01-28-70,0.317363346919
45,2016-01-28-70,0.372241248961
46,2016-01-28-70,5.2805499952
47,2016-01-28-70,2.40606724363
48,2016-01-28-70,0.0982711508593
49,2016-01-28-70,0.841224726787
50,2016-01-28-70,0.895896088055
51,2016-01-28-70,6.62729040025
52,2016-01-28-70,0.35252294046
53,2016-01-28-70,0.66560888062
54,2016-01-28-70,0.532461803614
55,2016-01-28-70,0.142912743584
56,2016-01-28-70,0.693809307942
57,2016-01-28-70,0.453854914304
58,2016-01-28-70,1.90545779359
59,2016-01-28-70,0.0908162647145
60,2016-01-28-70,0.445117158664
61,2016-01-28-70,0.452376242949
62,2016-01-28-70,0.551442257181
63,2016-01-28-70,0.37922048903
64,2016-01-28-70,0.335534850561
65,2016-01-28-70,0.477687763895
66,2016-01-28-70,0.510736579081
1,2016-01-28-82,5.41200003859
2,2016-01-28-82,0.655396473371
3,2016-01-28-82,1.2710364998
4,2016-01-28-82,2.27614144936
5,2016-01-28-82,0.633718399786
6,2016-01-28-82,7.93155885907
7,2016-01-28-82,0.00357286686515
8,2016-01-28-82,0.00572334943886
9,2016-01-28-82,0.786468002717
10,2016-01-28-82,0.372362829268
11,2016-01-28-82,1.66282616446
12,2016-01-28-82,0.994868484768
13,2016-01-28-82,2.03046830966
14,2016-01-28-82,1.22042019967
15,2016-01-28-82,0.179334742389
16,2016-01-28-82,7.40541245581
17,2016-01-28-82,0.38466280659
18,2016-01-28-82,1.02232509542
19,2016-01-28-82,2.09048419079
20,2016-01-28-82,0.650182830543
21,2016-01-28-82,1.44150921247
22,2016-01-28-82,9.17229462984
23,2016-01-28-82,0.19027232224
24,2016-01-28-82,0.00761217475468
25,2016-01-28-82,0.638078424173
26,2016-01-28-82,0.226869555773
27,2016-01-28-82,1.60973430943
28,2016-01-28-82,1.37728651411
29,2016-01-28-82,2.33202504591
30,2016-01-28-82,0.547639921323
31,2016-01-28-82,2.79718849578
32,2016-01-28-82,0.473793380027
33,2016-01-28-82,0.883626915904
34,2016-01-28-82,1.54090600739
35,2016-01-28-82,2.14793693086
36,2016-01-28-82,0.848430604439
37,2016-01-28-82,0.000188197608738
38,2016-01-28-82,1.27976920238
39,2016-01-28-82,0.922243457199
40,2016-01-28-82,1.04531282959
41,2016-01-28-82,1.43030348747
42,2016-01-28-82,1.51683686304
43,2016-01-28-82,0.369416268427
44,2016-01-28-82,0.605868840813
45,2016-01-28-82,0.323140484182
46,2016-01-28-82,0.471055472289
47,2016-01-28-82,3.42039945702
48,2016-01-28-82,0.0894260701808
49,2016-01-28-82,0.542099639882
50,2016-01-28-82,0.890603945771
51,2016-01-28-82,39.3749234133
52,2016-01-28-82,0.140533994489
53,2016-01-28-82,3.5057703805
54,2016-01-28-82,0.406237218683
55,2016-01-28-82,0.0662020720695
56,2016-01-28-82,1.14819458912
57,2016-01-28-82,0.452340925276
58,2016-01-28-82,0.403706618794
59,2016-01-28-82,0.64708618147
60,2016-01-28-82,0.510377285541
61,2016-01-28-82,0.800688789849
62,2016-01-28-82,0.113551417553
63,2016-01-28-82,0.946876056295
64,2016-01-28-82,0.623248088564
65,2016-01-28-82,0.240740248055
66,2016-01-28-82,0.427096290706
1,2016-01-28-94,1.64793753381
2,2016-01-28-94,0.089895900023
3,2016-01-28-94,0.763932883952
4,2016-01-28-94,0.353818503472
5,2016-01-28-94,0.950284463925
6,2016-01-28-94,1.78964207873
7,2016-01-28-94,0.00155716176981
8,2016-01-28-94,0.000303373409882
9,2016-01-28-94,2.41086118477
10,2016-01-28-94,0.783625655838
11,2016-01-28-94,1.55205878286
12,2016-01-28-94,4.2745080935
13,2016-01-28-94,1.15411796715
14,2016-01-28-94,0.0657276842355
15,2016-01-28-94,0.108659125681
16,2016-01-28-94,1.64631428271
17,2016-01-28-94,0.537520884168
18,2016-01-28-94,1.01426183033
19,2016-01-28-94,0.889511592895
20,2016-01-28-94,0.528986121315
21,2016-01-28-94,1.16830192661
22,2016-01-28-94,17.4797343332
23,2016-01-28-94,0.239442938457
24,2016-01-28-94,0.0237997530821
25,2016-01-28-94,0.648722171962
26,2016-01-28-94,1.95489727766
27,2016-01-28-94,1.06566855947
28,2016-01-28-94,1.13824955944
29,2016-01-28-94,1.16501651987
30,2016-01-28-94,0.508250464126
31,2016-01-28-94,1.64764857114
32,2016-01-28-94,0.286774020815
33,2016-01-28-94,0.995394578467
34,2016-01-28-94,1.11475027519
35,2016-01-28-94,1.58234316821
36,2016-01-28-94,0.906265186508
37,2016-01-28-94,0.0509437020346
38,2016-01-28-94,1.28419620296
39,2016-01-28-94,1.58839005663
40,2016-01-28-94,2.20182944039
41,2016-01-28-94,0.663317914112
42,2016-01-28-94,1.51599722646
43,2016-01-28-94,0.407158567554
44,2016-01-28-94,0.0505771084687
45,2016-01-28-94,0.466415069046
46,2016-01-28-94,0.566663798764
47,2016-01-28-94,2.03352426074
48,2016-01-28-94,1.6845461635e-08
49,2016-01-28-94,0.445616670149
50,2016-01-28-94,0.231982223679
51,2016-01-28-94,0.00919518441762
52,2016-01-28-94,0.10357129593
53,2016-01-28-94,1.08234067235
54,2016-01-28-94,0.761865292582
55,2016-01-28-94,0.15189164007
56,2016-01-28-94,0.653044021512
57,2016-01-28-94,0.539913281857
58,2016-01-28-94,0.50568566937
59,2016-01-28-94,0.260673191358
60,2016-01-28-94,0.558328187243
61,2016-01-28-94,0.320879173507
62,2016-01-28-94,0.548422878029
63,2016-01-28-94,0.297596022039
64,2016-01-28-94,0.38936472025
65,2016-01-28-94,0.00016735500867
66,2016-01-28-94,0.372291913552
1,2016-01-28-106,0.305345446316
2,2016-01-28-106,0.000447982125759
3,2016-01-28-106,0.53758060183
4,2016-01-28-106,0.697617778649
5,2016-01-28-106,1.18849778263
6,2016-01-28-106,1.34068865366
7,2016-01-28-106,5.67204975776e-05
8,2016-01-28-106,0.0243829173124
9,2016-01-28-106,0.384512367976
10,2016-01-28-106,0.399706062715
11,2016-01-28-106,2.59927374585
12,2016-01-28-106,0.950206844401
13,2016-01-28-106,0.269978695476
14,2016-01-28-106,0.000444270877292
15,2016-01-28-106,0.136063904393
16,2016-01-28-106,1.72538168831
17,2016-01-28-106,0.257383785489
18,2016-01-28-106,1.40520310245
19,2016-01-28-106,0.0395944006574
20,2016-01-28-106,0.0336668941317
21,2016-01-28-106,1.17804368383
22,2016-01-28-106,15.5036963318
23,2016-01-28-106,0.000260150384258
24,2016-01-28-106,0.00605337719265
25,2016-01-28-106,1.27046078348
26,2016-01-28-106,0.0499102027091
27,2016-01-28-106,0.226040606218
28,2016-01-28-106,0.600838872911
29,2016-01-28-106,1.80974591854
30,2016-01-28-106,0.0483877354114
31,2016-01-28-106,1.99152515315
32,2016-01-28-106,0.106320847939
33,2016-01-28-106,0.841504560958
34,2016-01-28-106,1.36763730573
35,2016-01-28-106,2.78927558954
36,2016-01-28-106,0.69585531522
37,2016-01-28-106,0.0025969045137
38,2016-01-28-106,0.304106301026
39,2016-01-28-106,1.45298084154
40,2016-01-28-106,0.98729788379
41,2016-01-28-106,0.330019516003
42,2016-01-28-106,0.0330307100525
43,2016-01-28-106,0.316984967788
44,2016-01-28-106,-0.00975774077898
45,2016-01-28-106,1.11776943895
46,2016-01-28-106,0.00328785499832
47,2016-01-28-106,1.51747426937
48,2016-01-28-106,1.80556851312e-12
49,2016-01-28-106,0.611421722592
50,2016-01-28-106,1.05865483959
51,2016-01-28-106,0.000118838712267
52,2016-01-28-106,0.369055737016
53,2016-01-28-106,3.21952829126
54,2016-01-28-106,0.298066712599
55,2016-01-28-106,0.248617970494
56,2016-01-28-106,0.518307048546
57,2016-01-28-106,0.648419496392
58,2016-01-28-106,1.03374576816
59,2016-01-28-106,0.447578848285
60,2016-01-28-106,0.76911741003
61,2016-01-28-106,0.528002421119
62,2016-01-28-106,0.28117403965
63,2016-01-28-106,0.0365898028307
64,2016-01-28-106,0.112927545427
65,2016-01-28-106,0.657301691099
66,2016-01-28-106,0.152716699126
1,2016-01-28-118,3.2893823078
2,2016-01-28-118,0.555159760067
3,2016-01-28-118,0.370501470266
4,2016-01-28-118,3.08215350385
5,2016-01-28-118,0.86869114144
6,2016-01-28-118,1.21981039667
7,2016-01-28-118,0.000377491135525
8,2016-01-28-118,0.00568696702512
9,2016-01-28-118,0.63684598682
10,2016-01-28-118,0.467154926227
11,2016-01-28-118,1.64794270758
12,2016-01-28-118,1.03820579403
13,2016-01-28-118,0.53288518211
14,2016-01-28-118,0.985002177845
15,2016-01-28-118,0.380019908872
16,2016-01-28-118,0.5486701099
17,2016-01-28-118,0.20484782533
18,2016-01-28-118,0.989735261807
19,2016-01-28-118,0.0218066178566
20,2016-01-28-118,0.886051292914
21,2016-01-28-118,2.11544379934
22,2016-01-28-118,13.9488078341
23,2016-01-28-118,2.15453044318
24,2016-01-28-118,0.670753262644
25,2016-01-28-118,1.19408618937
26,2016-01-28-118,0.377094658862
27,2016-01-28-118,5.13112718682
28,2016-01-28-118,0.00825780013766
29,2016-01-28-118,1.92430311623
30,2016-01-28-118,0.107674680639
31,2016-01-28-118,1.00052134039
32,2016-01-28-118,0.286051773796
33,2016-01-28-118,0.859333886547
34,2016-01-28-118,1.27462030508
35,2016-01-28-118,3.7450073322
36,2016-01-28-118,0.602452192956
37,2016-01-28-118,0.294238844396
38,2016-01-28-118,0.214886480906
39,2016-01-28-118,1.29913326609
40,2016-01-28-118,0.576912732281
41,2016-01-28-118,0.112136942811
42,2016-01-28-118,2.39689776915
43,2016-01-28-118,1.06398731588
44,2016-01-28-118,0.300098889111
45,2016-01-28-118,0.348378982523
46,2016-01-28-118,0.770615209681
47,2016-01-28-118,0.791969844301
48,2016-01-28-118,0.0128345104556
49,2016-01-28-118,0.538414518931
50,2016-01-28-118,0.127964739336
51,2016-01-28-118,9.17708288498
52,2016-01-28-118,0.479762438555
53,2016-01-28-118,1.43623584809
54,2016-01-28-118,0.204757959375
55,2016-01-28-118,0.200630138805
56,2016-01-28-118,0.638895967014
57,2016-01-28-118,0.482137901028
58,2016-01-28-118,0.177632996706
59,2016-01-28-118,0.214226332234
60,2016-01-28-118,0.412478304389
61,2016-01-28-118,0.129598543452
62,2016-01-28-118,0.370518115221
63,2016-01-28-118,0.14047737617
64,2016-01-28-118,0.348232655208
65,2016-01-28-118,0.243116296897
66,2016-01-28-118,0.601635605759
1,2016-01-28-130,2.41792333025
2,2016-01-28-130,0.732284376692
3,2016-01-28-130,0.0037957289206
4,2016-01-28-130,2.00287762416
5,2016-01-28-130,0.591070853431
6,2016-01-28-130,0.18909200456
7,2016-01-28-130,0.000106045193411
8,2016-01-28-130,0.000190500542188
9,2016-01-28-130,2.08325757543
10,2016-01-28-130,1.01479828356
11,2016-01-28-130,1.5233261583
12,2016-01-28-130,3.83859380893
13,2016-01-28-130,0.824822008531
14,2016-01-28-130,0.767668897247
15,2016-01-28-130,0.129668019507
16,2016-01-28-130,1.16754285627
17,2016-01-28-130,0.202567374512
18,2016-01-28-130,1.26367535443
19,2016-01-28-130,0.420799689554
20,2016-01-28-130,0.0319200595772
21,2016-01-28-130,1.00549239e-05
22,2016-01-28-130,14.0774241724
23,2016-01-28-130,6.54854500418
24,2016-01-28-130,1.12958327723
25,2016-01-28-130,0.22929153495
26,2016-01-28-130,0.29273466366
27,2016-01-28-130,0.645870947131
28,2016-01-28-130,0.141320852573
29,2016-01-28-130,1.25649553141
30,2016-01-28-130,0.318343143794
31,2016-01-28-130,1.0748205038
32,2016-01-28-130,0.378383927571
33,2016-01-28-130,0.784205117814
34,2016-01-28-130,1.20732181603
35,2016-01-28-130,1.99544954051
36,2016-01-28-130,0.20652662338
37,2016-01-28-130,0.187341619556
38,2016-01-28-130,0.791055367079
39,2016-01-28-130,2.11546670296
40,2016-01-28-130,1.28281789606
41,2016-01-28-130,0.288841019377
42,2016-01-28-130,2.59362107372
43,2016-01-28-130,1.04716218256
44,2016-01-28-130,0.907552102342
45,2016-01-28-130,0.374733226882
46,2016-01-28-130,2.04098564128
47,2016-01-28-130,0.900654058753
48,2016-01-28-130,0.128915945862
49,2016-01-28-130,0.521708986883
50,2016-01-28-130,0.312612603782
51,2016-01-28-130,7.44848927738e-07
52,2016-01-28-130,0.309268081098
53,2016-01-28-130,0.835891020674
54,2016-01-28-130,0.287161739581
55,2016-01-28-130,0.233924702761
56,2016-01-28-130,0.759687982094
57,2016-01-28-130,0.427462287378
58,2016-01-28-130,0.911271024217
59,2016-01-28-130,0.870367279161
60,2016-01-28-130,0.756026681473
61,2016-01-28-130,0.219121713952
62,2016-01-28-130,0.36588633036
63,2016-01-28-130,0.517000791159
64,2016-01-28-130,0.552152329194
65,2016-01-28-130,0.317962150782
66,2016-01-28-130,0.456140886489
1,2016-01-28-142,0.042218578572
2,2016-01-28-142,0.403762209597
3,2016-01-28-142,0.462094594107
4,2016-01-28-142,0.0518884103498
5,2016-01-28-142,0.513664984159
6,2016-01-28-142,-0.194616365528
7,2016-01-28-142,0.000128783499229
8,2016-01-28-142,0.000205298772165
9,2016-01-28-142,0.570242917648
10,2016-01-28-142,0.569479951567
11,2016-01-28-142,0.736884040494
12,2016-01-28-142,0.361079134712
13,2016-01-28-142,0.398929804376
14,2016-01-28-142,0.837593902319
15,2016-01-28-142,0.125973623477
16,2016-01-28-142,1.53644531301
17,2016-01-28-142,0.352342452734
18,2016-01-28-142,0.888913295135
19,2016-01-28-142,1.10163447669
20,2016-01-28-142,1.41899117467
21,2016-01-28-142,1.24050402904
22,2016-01-28-142,9.39464422539
23,2016-01-28-142,0.00646328189337
24,2016-01-28-142,1.06076200196
25,2016-01-28-142,0.900761547494
26,2016-01-28-142,0.873825387626
27,2016-01-28-142,0.74457012792
28,2016-01-28-142,1.58662366215
29,2016-01-28-142,1.00731831868
30,2016-01-28-142,0.43778924766
31,2016-01-28-142,0.713229695569
32,2016-01-28-142,0.199974901956
33,2016-01-28-142,0.544675777299
34,2016-01-28-142,0.872435107274
35,2016-01-28-142,0.784378710627
36,2016-01-28-142,0.344289768539
37,2016-01-28-142,0.0323701601829
38,2016-01-28-142,0.492983690058
39,2016-01-28-142,1.81820826063
40,2016-01-28-142,1.25459410499
41,2016-01-28-142,0.286452889524
42,2016-01-28-142,0.876971789428
43,2016-01-28-142,0.269209159534
44,2016-01-28-142,0.419325788715
45,2016-01-28-142,0.208918232817
46,2016-01-28-142,1.52236052393
47,2016-01-28-142,1.2996567681
48,2016-01-28-142,0.102673061367
49,2016-01-28-142,0.191287357135
50,2016-01-28-142,0.302259501416
51,2016-01-28-142,0.504804529229
52,2016-01-28-142,0.113914262282
53,2016-01-28-142,0.380747798297
54,2016-01-28-142,0.345385886898
55,2016-01-28-142,0.370110415991
56,2016-01-28-142,0.73476746024
57,2016-01-28-142,0.398940099245
58,2016-01-28-142,0.194326596301
59,2016-01-28-142,0.182855063497
60,2016-01-28-142,0.307885615149
61,2016-01-28-142,0.162925434419
62,2016-01-28-142,0.320623643292
63,2016-01-28-142,0.0168537507489
64,2016-01-28-142,0.475206025296
65,2016-01-28-142,0.232397148459
66,2016-01-28-142,0.229464500921
1,2016-01-30-46,0.86687246895
2,2016-01-30-46,0.16348227683
3,2016-01-30-46,0.7620836426
4,2016-01-30-46,2.52662571547
5,2016-01-30-46,0.434294708509
6,2016-01-30-46,4.81335673577
7,2016-01-30-46,9.97164027588
8,2016-01-30-46,4.99087846452
9,2016-01-30-46,1.74721777566
10,2016-01-30-46,1.16486299585
11,2016-01-30-46,1.55644303417
12,2016-01-30-46,4.48109491019
13,2016-01-30-46,0.676929200864
14,2016-01-30-46,0.81137844648
15,2016-01-30-46,0.124689221873
16,2016-01-30-46,1.79121581836
17,2016-01-30-46,0.259106273621
18,2016-01-30-46,1.88506160919
19,2016-01-30-46,0.313705988154
20,2016-01-30-46,2.53054000148
21,2016-01-30-46,0.00122738286716
22,2016-01-30-46,4.8041951748
23,2016-01-30-46,10.0708229245
24,2016-01-30-46,1.32561757426
25,2016-01-30-46,0.885996425862
26,2016-01-30-46,0.838898354936
27,2016-01-30-46,8.76912548715
28,2016-01-30-46,5.99656292535
29,2016-01-30-46,1.64147123714
30,2016-01-30-46,0.433655068847
31,2016-01-30-46,1.91754927344
32,2016-01-30-46,0.162146377009
33,2016-01-30-46,0.721559112859
34,2016-01-30-46,0.836539771058
35,2016-01-30-46,1.10555567072
36,2016-01-30-46,2.15268567512
37,2016-01-30-46,0.0172431790498
38,2016-01-30-46,1.03511844298
39,2016-01-30-46,0.201069703915
40,2016-01-30-46,1.28144367327
41,2016-01-30-46,1.01559082343
42,2016-01-30-46,2.32172803188
43,2016-01-30-46,0.642577303905
44,2016-01-30-46,1.24460290292
45,2016-01-30-46,0.293542590304
46,2016-01-30-46,4.38949295876
47,2016-01-30-46,2.04896271774
48,2016-01-30-46,1.88356605259
49,2016-01-30-46,0.803822004447
50,2016-01-30-46,0.261201314993
51,2016-01-30-46,16.2117050606
52,2016-01-30-46,0.0590483992116
53,2016-01-30-46,0.856888799519
54,2016-01-30-46,0.520414408121
55,2016-01-30-46,0.251557229656
56,2016-01-30-46,0.627632835516
57,2016-01-30-46,0.394405461674
58,2016-01-30-46,1.1280409648
59,2016-01-30-46,2.03165152806
60,2016-01-30-46,0.877294184275
61,2016-01-30-46,0.399564973952
62,2016-01-30-46,0.846244595789
63,2016-01-30-46,0.0417258035557
64,2016-01-30-46,0.652350152726
65,2016-01-30-46,-0.0222347775018
66,2016-01-30-46,0.438166803838
1,2016-01-30-58,3.06850324408
2,2016-01-30-58,0.355710480447
3,2016-01-30-58,0.628461467944
4,2016-01-30-58,3.52040101224
5,2016-01-30-58,1.16327930159
6,2016-01-30-58,3.81661305707
7,2016-01-30-58,0.677873912839
8,2016-01-30-58,0.197513347177
9,2016-01-30-58,1.28476012164
10,2016-01-30-58,1.05403194963
11,2016-01-30-58,1.87704322398
12,2016-01-30-58,3.11193463476
13,2016-01-30-58,1.33257194802
14,2016-01-30-58,0.00265801059664
15,2016-01-30-58,0.112958407866
16,2016-01-30-58,1.08070337542
17,2016-01-30-58,0.360564129604
18,2016-01-30-58,1.773551319
19,2016-01-30-58,0.143524723789
20,2016-01-30-58,0.360853915225
21,2016-01-30-58,1.74304181568
22,2016-01-30-58,8.93760967038
23,2016-01-30-58,0.180182313358
24,2016-01-30-58,0.0119018389608
25,2016-01-30-58,1.5148840862
26,2016-01-30-58,0.373781940198
27,2016-01-30-58,1.73818629991
28,2016-01-30-58,4.20283216673
29,2016-01-30-58,1.45090286037
30,2016-01-30-58,0.283677615403
31,2016-01-30-58,3.16112113362
32,2016-01-30-58,0.474788708494
33,2016-01-30-58,0.853523312029
34,2016-01-30-58,1.18537049173
35,2016-01-30-58,1.79535416769
36,2016-01-30-58,0.751256636207
37,2016-01-30-58,0.0213621552938
38,2016-01-30-58,0.196947273536
39,2016-01-30-58,1.06814497502
40,2016-01-30-58,2.37190191154
41,2016-01-30-58,1.98848121468
42,2016-01-30-58,2.68982717335
43,2016-01-30-58,0.0187027413449
44,2016-01-30-58,0.358537077385
45,2016-01-30-58,1.26434481915
46,2016-01-30-58,0.0192877817073
47,2016-01-30-58,1.39894623208
48,2016-01-30-58,3.38980838618
49,2016-01-30-58,0.627742619025
50,2016-01-30-58,0.617819593844
51,2016-01-30-58,7.73236994093
52,2016-01-30-58,0.104008722301
53,2016-01-30-58,1.70990468417
54,2016-01-30-58,0.562451984496
55,2016-01-30-58,0.218380525391
56,2016-01-30-58,0.778514080427
57,2016-01-30-58,0.462485931641
58,2016-01-30-58,1.08625920652
59,2016-01-30-58,0.816831014162
60,2016-01-30-58,0.574807831073
61,2016-01-30-58,0.359779715726
62,2016-01-30-58,0.0606242370744
63,2016-01-30-58,0.511629668615
64,2016-01-30-58,0.373027795173
65,2016-01-30-58,0.454949779869
66,2016-01-30-58,0.222479717757
1,2016-01-30-70,2.41749558061
2,2016-01-30-70,0.383931315738
3,2016-01-30-70,0.688107984537
4,2016-01-30-70,6.06815296062
5,2016-01-30-70,0.810047005596
6,2016-01-30-70,3.64424460767
7,2016-01-30-70,0.0738492839581
8,2016-01-30-70,1.49617422978
9,2016-01-30-70,5.40951961145e-06
10,2016-01-30-70,2.99414544955
11,2016-01-30-70,1.54588324903
12,2016-01-30-70,2.69683736452
13,2016-01-30-70,0.862016446593
14,2016-01-30-70,1.95738945689
15,2016-01-30-70,0.180882604879
16,2016-01-30-70,0.720633591903
17,2016-01-30-70,0.919211349625
18,2016-01-30-70,2.28136014126
19,2016-01-30-70,2.11535995197
20,2016-01-30-70,0.0945127505885
21,2016-01-30-70,0.77230443037
22,2016-01-30-70,12.5484101426
23,2016-01-30-70,0.838137476775
24,2016-01-30-70,2.50000903423
25,2016-01-30-70,0.852770139557
26,2016-01-30-70,3.39378199722
27,2016-01-30-70,3.65912110744
28,2016-01-30-70,4.36556065176
29,2016-01-30-70,0.134382603142
30,2016-01-30-70,0.675962062676
31,2016-01-30-70,3.3765389136
32,2016-01-30-70,0.263130591503
33,2016-01-30-70,0.708682687522
34,2016-01-30-70,1.05980277402
35,2016-01-30-70,1.73344280347
36,2016-01-30-70,0.321916109322
37,2016-01-30-70,0.00370393160928
38,2016-01-30-70,2.38647846512
39,2016-01-30-70,1.15654129486
40,2016-01-30-70,2.87511347562
41,2016-01-30-70,2.06055367644
42,2016-01-30-70,1.64087113755
43,2016-01-30-70,1.69370846449
44,2016-01-30-70,0.332040128721
45,2016-01-30-70,0.825322780946
46,2016-01-30-70,1.47917717107
47,2016-01-30-70,2.99418448646
48,2016-01-30-70,0.37575384854
49,2016-01-30-70,0.372790465588
50,2016-01-30-70,0.306480680213
51,2016-01-30-70,14.0891821967
52,2016-01-30-70,0.302967523289
53,2016-01-30-70,0.293191787217
54,2016-01-30-70,0.325387876766
55,2016-01-30-70,0.163787277751
56,2016-01-30-70,0.620718698636
57,2016-01-30-70,0.434975975065
58,2016-01-30-70,0.691933214261
59,2016-01-30-70,0.591848245038
60,2016-01-30-70,0.304391402173
61,2016-01-30-70,0.488121453655
62,2016-01-30-70,0.482290818313
63,2016-01-30-70,-0.0234937366379
64,2016-01-30-70,0.614223113399
65,2016-01-30-70,0.477664477664
66,2016-01-30-70,0.0932555216577
1,2016-01-30-82,6.19087316378
2,2016-01-30-82,0.91695216826
3,2016-01-30-82,1.28466247652
4,2016-01-30-82,0.00309591536789
5,2016-01-30-82,1.02659807635
6,2016-01-30-82,2.08246929534
7,2016-01-30-82,0.00505594256055
8,2016-01-30-82,0.00103444392922
9,2016-01-30-82,1.83309385108
10,2016-01-30-82,1.08437310994
11,2016-01-30-82,1.93304788057
12,2016-01-30-82,5.62722729777
13,2016-01-30-82,0.96382853349
14,2016-01-30-82,0.0904313528332
15,2016-01-30-82,0.34721000121
16,2016-01-30-82,5.13763507316
17,2016-01-30-82,1.06888307994
18,2016-01-30-82,1.59252427369
19,2016-01-30-82,1.81142613802
20,2016-01-30-82,0.00145406564996
21,2016-01-30-82,0.725576535875
22,2016-01-30-82,12.7964916916
23,2016-01-30-82,0.403030655567
24,2016-01-30-82,0.516558813665
25,2016-01-30-82,1.49110132625
26,2016-01-30-82,1.58249666656
27,2016-01-30-82,9.20768897132
28,2016-01-30-82,1.04236135016
29,2016-01-30-82,2.42200240304
30,2016-01-30-82,0.251012105784
31,2016-01-30-82,2.27019524657
32,2016-01-30-82,0.59408606204
33,2016-01-30-82,0.941538013977
34,2016-01-30-82,1.56579664427
35,2016-01-30-82,2.23862838076
36,2016-01-30-82,0.629487169959
37,2016-01-30-82,2.6667707401e-09
38,2016-01-30-82,0.58256244537
39,2016-01-30-82,0.556040088113
40,2016-01-30-82,1.96761055698
41,2016-01-30-82,1.46517700254
42,2016-01-30-82,0.256675982813
43,2016-01-30-82,0.336324773995
44,2016-01-30-82,0.776996264622
45,2016-01-30-82,1.15044580135
46,2016-01-30-82,1.74767800236
47,2016-01-30-82,3.10263590005
48,2016-01-30-82,2.80583654604e-06
49,2016-01-30-82,0.626431518545
50,2016-01-30-82,1.05562908683
51,2016-01-30-82,68.7046808023
52,2016-01-30-82,0.536861062031
53,2016-01-30-82,2.32820964224
54,2016-01-30-82,0.97320155565
55,2016-01-30-82,0.224770165078
56,2016-01-30-82,1.78942356556
57,2016-01-30-82,0.491607398701
58,2016-01-30-82,1.29394747421
59,2016-01-30-82,0.490158235507
60,2016-01-30-82,0.291054948516
61,2016-01-30-82,0.312660504829
62,2016-01-30-82,0.519912736744
63,2016-01-30-82,0.270132532672
64,2016-01-30-82,0.617503109586
65,2016-01-30-82,0.458346792109
66,2016-01-30-82,0.448525827279
1,2016-01-30-94,2.81721583235
2,2016-01-30-94,0.00239399039417
3,2016-01-30-94,0.651055933846
4,2016-01-30-94,0.0154320955043
5,2016-01-30-94,0.547290169935
6,2016-01-30-94,2.71241612501
7,2016-01-30-94,0.00295750534628
8,2016-01-30-94,6.43877607528e-14
9,2016-01-30-94,1.66197805567
10,2016-01-30-94,1.02767032326
11,2016-01-30-94,1.5431171256
12,2016-01-30-94,1.77907481095
13,2016-01-30-94,1.17901433367
14,2016-01-30-94,0.00710988700557
15,2016-01-30-94,0.120657191471
16,2016-01-30-94,2.42706386896
17,2016-01-30-94,0.532032392623
18,2016-01-30-94,0.9824475872
19,2016-01-30-94,1.67759940114
20,2016-01-30-94,2.01704915794
21,2016-01-30-94,0.00187769978146
22,2016-01-30-94,16.0748405289
23,2016-01-30-94,0.337464325773
24,2016-01-30-94,0.0322527300784
25,2016-01-30-94,0.855511053604
26,2016-01-30-94,0.000265458455615
27,2016-01-30-94,7.4027384705
28,2016-01-30-94,2.5817053529
29,2016-01-30-94,1.340411688
30,2016-01-30-94,0.748661457915
31,2016-01-30-94,1.91307738988
32,2016-01-30-94,0.260477907187
33,2016-01-30-94,0.93276809962
34,2016-01-30-94,1.33402317615
35,2016-01-30-94,2.11341000573
36,2016-01-30-94,1.1699940029
37,2016-01-30-94,0.00379048583409
38,2016-01-30-94,0.683478337019
39,2016-01-30-94,0.971550617453
40,2016-01-30-94,1.20901382894
41,2016-01-30-94,0.40807830352
42,2016-01-30-94,2.72294677427
43,2016-01-30-94,0.720508066366
44,2016-01-30-94,0.485911373867
45,2016-01-30-94,0.839499275332
46,2016-01-30-94,0.495119654542
47,2016-01-30-94,1.95266728423
48,2016-01-30-94,2.6171667252e-09
49,2016-01-30-94,0.744458812518
50,2016-01-30-94,0.454833987943
51,2016-01-30-94,0.268314370448
52,2016-01-30-94,0.177128058514
53,2016-01-30-94,0.573463429821
54,2016-01-30-94,0.572799224698
55,2016-01-30-94,0.185987049114
56,2016-01-30-94,0.925695316024
57,2016-01-30-94,0.468177861007
58,2016-01-30-94,0.885572879255
59,2016-01-30-94,0.2791011609
60,2016-01-30-94,0.27001585534
61,2016-01-30-94,0.342866613029
62,2016-01-30-94,0.609557175657
63,2016-01-30-94,0.367167903004
64,2016-01-30-94,-0.047980346699
65,2016-01-30-94,0.381891495789
66,2016-01-30-94,0.443953568459
1,2016-01-30-106,0.80526519494
2,2016-01-30-106,0.0967028753697
3,2016-01-30-106,0.85368874394
4,2016-01-30-106,0.0151084564874
5,2016-01-30-106,0.916563819111
6,2016-01-30-106,0.741855359891
7,2016-01-30-106,7.69001269761e-05
8,2016-01-30-106,0.00129016609654
9,2016-01-30-106,0.00792344952955
10,2016-01-30-106,1.71606443005
11,2016-01-30-106,2.424119329
12,2016-01-30-106,0.550818145915
13,2016-01-30-106,1.31147925452
14,2016-01-30-106,0.567150140439
15,2016-01-30-106,0.17834804338
16,2016-01-30-106,4.04019030726
17,2016-01-30-106,0.364185700685
18,2016-01-30-106,0.997389915842
19,2016-01-30-106,0.359603622061
20,2016-01-30-106,2.28298682674
21,2016-01-30-106,0.722327671279
22,2016-01-30-106,24.6757985293
23,2016-01-30-106,0.000594309237329
24,2016-01-30-106,0.0384637910883
25,2016-01-30-106,0.665567809238
26,2016-01-30-106,4.4350158135
27,2016-01-30-106,1.2178119936
28,2016-01-30-106,0.365962232692
29,2016-01-30-106,0.686942477496
30,2016-01-30-106,0.889181639113
31,2016-01-30-106,2.85595207121
32,2016-01-30-106,0.246979941533
33,2016-01-30-106,1.01054686316
34,2016-01-30-106,1.7274653879
35,2016-01-30-106,3.21386503407
36,2016-01-30-106,1.40592969507
37,2016-01-30-106,0.00038016094699
38,2016-01-30-106,0.00951099819178
39,2016-01-30-106,0.534908770631
40,2016-01-30-106,2.20931525371
41,2016-01-30-106,0.681643740085
42,2016-01-30-106,2.29584793642
43,2016-01-30-106,1.39161278501
44,2016-01-30-106,0.315978940878
45,2016-01-30-106,0.921977785037
46,2016-01-30-106,1.73126948429
47,2016-01-30-106,1.01385911566
48,2016-01-30-106,1.11602844639e-53
49,2016-01-30-106,0.371113853738
50,2016-01-30-106,0.570627349681
51,2016-01-30-106,0.123254654732
52,2016-01-30-106,0.473228989941
53,2016-01-30-106,1.25591891362
54,2016-01-30-106,0.289523997687
55,2016-01-30-106,0.18293731284
56,2016-01-30-106,1.17062947064
57,2016-01-30-106,0.568100443082
58,2016-01-30-106,0.577436050676
59,2016-01-30-106,0.324677240997
60,2016-01-30-106,0.69122158012
61,2016-01-30-106,0.63433977717
62,2016-01-30-106,0.000894731218979
63,2016-01-30-106,0.562137839318
64,2016-01-30-106,0.453404768927
65,2016-01-30-106,0.0421866525303
66,2016-01-30-106,0.885190799942
1,2016-01-30-118,1.59105671962
2,2016-01-30-118,0.2096053188
3,2016-01-30-118,0.849839875796
4,2016-01-30-118,3.01234655636
5,2016-01-30-118,0.670963048825
6,2016-01-30-118,1.94681058376
7,2016-01-30-118,2.58662129881
8,2016-01-30-118,0.319688609027
9,2016-01-30-118,0.613590397766
10,2016-01-30-118,0.630996635376
11,2016-01-30-118,1.45581088326
12,2016-01-30-118,4.80620316975
13,2016-01-30-118,0.528409991817
14,2016-01-30-118,2.17763697654
15,2016-01-30-118,0.128914509534
16,2016-01-30-118,0.315745097578
17,2016-01-30-118,0.309785773352
18,2016-01-30-118,0.663989346335
19,2016-01-30-118,2.49296702757
20,2016-01-30-118,4.22563976596
21,2016-01-30-118,2.40887543496
22,2016-01-30-118,17.2126150702
23,2016-01-30-118,1.13958950516
24,2016-01-30-118,0.00948965337892
25,2016-01-30-118,1.44232688545
26,2016-01-30-118,0.00122935906221
27,2016-01-30-118,2.84973413274
28,2016-01-30-118,3.09072323289
29,2016-01-30-118,1.70275791887
30,2016-01-30-118,0.698908689499
31,2016-01-30-118,1.64729133662
32,2016-01-30-118,0.630111006797
33,2016-01-30-118,0.828253807142
34,2016-01-30-118,1.43343800176
35,2016-01-30-118,1.82955241031
36,2016-01-30-118,1.15774250968
37,2016-01-30-118,1.44640146571
38,2016-01-30-118,0.7959844988
39,2016-01-30-118,0.851143598202
40,2016-01-30-118,1.91410309954
41,2016-01-30-118,0.0380095865227
42,2016-01-30-118,0.0349089890029
43,2016-01-30-118,0.833613089993
44,2016-01-30-118,0.355834615372
45,2016-01-30-118,0.301291443201
46,2016-01-30-118,1.56153343099
47,2016-01-30-118,1.72853476545
48,2016-01-30-118,4.51625371031
49,2016-01-30-118,1.10414419009
50,2016-01-30-118,0.228963803936
51,2016-01-30-118,13.3302035613
52,2016-01-30-118,0.361068544005
53,2016-01-30-118,0.49469558302
54,2016-01-30-118,0.013843307281
55,2016-01-30-118,0.23047394065
56,2016-01-30-118,1.17118838959
57,2016-01-30-118,0.443994128821
58,2016-01-30-118,0.377222414273
59,2016-01-30-118,0.394331507179
60,2016-01-30-118,0.405653977001
61,2016-01-30-118,0.0395396429963
62,2016-01-30-118,0.106449936473
63,2016-01-30-118,0.0334059895921
64,2016-01-30-118,0.372997686001
65,2016-01-30-118,0.00167860750225
66,2016-01-30-118,0.222566281243
1,2016-01-30-130,4.7201605213
2,2016-01-30-130,0.0116164189548
3,2016-01-30-130,1.02982297779
4,2016-01-30-130,0.371604489488
5,2016-01-30-130,0.521560233986
6,2016-01-30-130,0.386240884135
7,2016-01-30-130,0.0264231416615
8,2016-01-30-130,0.0765516827605
9,2016-01-30-130,0.42559524837
10,2016-01-30-130,1.42274370399
11,2016-01-30-130,1.48869754788
12,2016-01-30-130,0.0252859924808
13,2016-01-30-130,0.534990022488
14,2016-01-30-130,0.0394461448464
15,2016-01-30-130,0.120386488767
16,2016-01-30-130,0.328198337597
17,2016-01-30-130,0.49971840883
18,2016-01-30-130,1.23386039019
19,2016-01-30-130,0.124777734584
20,2016-01-30-130,0.157772422259
21,2016-01-30-130,1.5574610044
22,2016-01-30-130,16.1627222186
23,2016-01-30-130,15.1391252717
24,2016-01-30-130,1.39318443321
25,2016-01-30-130,2.53126535541
26,2016-01-30-130,1.73239037866
27,2016-01-30-130,2.81074124857
28,2016-01-30-130,1.56159759913
29,2016-01-30-130,1.94773227892e-09
30,2016-01-30-130,0.0301693060576
31,2016-01-30-130,0.61395094275
32,2016-01-30-130,0.0366131584237
33,2016-01-30-130,1.01391845062
34,2016-01-30-130,1.18044753857
35,2016-01-30-130,0.819891698425
36,2016-01-30-130,0.0248285063779
37,2016-01-30-130,1.13996384429
38,2016-01-30-130,0.125970096426
39,2016-01-30-130,2.19694195947
40,2016-01-30-130,0.954430778201
41,2016-01-30-130,1.00389000525
42,2016-01-30-130,3.63932622927
43,2016-01-30-130,0.883232585277
44,2016-01-30-130,0.196726870912
45,2016-01-30-130,0.18237728358
46,2016-01-30-130,0.0615162796333
47,2016-01-30-130,0.976998128162
48,2016-01-30-130,0.031926162481
49,2016-01-30-130,0.687296165107
50,2016-01-30-130,0.879194978169
51,2016-01-30-130,2.21740019105e-09
52,2016-01-30-130,0.319569598398
53,2016-01-30-130,-0.0639736635248
54,2016-01-30-130,0.538258432978
55,2016-01-30-130,0.214356863349
56,2016-01-30-130,0.649278828464
57,2016-01-30-130,0.487177712849
58,2016-01-30-130,0.914952542351
59,2016-01-30-130,0.139019551217
60,2016-01-30-130,1.65227108297
61,2016-01-30-130,0.79879099441
62,2016-01-30-130,0.554028163599
63,2016-01-30-130,0.0947356095497
64,2016-01-30-130,0.194412660516
65,2016-01-30-130,0.386660111581
66,2016-01-30-130,0.62531118352
1,2016-01-30-142,0.00943931316855
2,2016-01-30-142,0.462934670716
3,2016-01-30-142,0.361017978979
4,2016-01-30-142,2.29865623105
5,2016-01-30-142,0.260640349548
6,2016-01-30-142,2.99044618553
7,2016-01-30-142,0.30593500762
8,2016-01-30-142,0.244404897042
9,2016-01-30-142,0.834430479311
10,2016-01-30-142,0.0799012066669
11,2016-01-30-142,0.748817165872
12,2016-01-30-142,1.09739991532
13,2016-01-30-142,0.14239865896
14,2016-01-30-142,1.10250997652
15,2016-01-30-142,0.122988269075
16,2016-01-30-142,0.946347496487
17,2016-01-30-142,0.232752897012
18,2016-01-30-142,1.18386259888
19,2016-01-30-142,1.46033142283
20,2016-01-30-142,0.793072322819
21,2016-01-30-142,0.564547070274
22,2016-01-30-142,9.3707603033
23,2016-01-30-142,0.139142764985
24,2016-01-30-142,1.25719778266
25,2016-01-30-142,0.757310439446
26,2016-01-30-142,0.453248075116
27,2016-01-30-142,3.50005376267
28,2016-01-30-142,0.128212922694
29,2016-01-30-142,1.03012724213
30,2016-01-30-142,0.31893698363
31,2016-01-30-142,1.59268613678
32,2016-01-30-142,0.299976886427
33,2016-01-30-142,0.809289003006
34,2016-01-30-142,0.999450951901
35,2016-01-30-142,1.06196161547
36,2016-01-30-142,0.418547368061
37,2016-01-30-142,0.192716176984
38,2016-01-30-142,1.85768064385
39,2016-01-30-142,1.55896640434
40,2016-01-30-142,0.8820040664
41,2016-01-30-142,0.478272601581
42,2016-01-30-142,1.26996634603
43,2016-01-30-142,0.164847177055
44,2016-01-30-142,0.487984157359
45,2016-01-30-142,0.779054089709
46,2016-01-30-142,0.428464012375
47,2016-01-30-142,1.45494636503
48,2016-01-30-142,0.342359528135
49,2016-01-30-142,0.442771646706
50,2016-01-30-142,0.34035082814
51,2016-01-30-142,0.00159933044132
52,2016-01-30-142,0.116437828834
53,2016-01-30-142,0.198079301419
54,2016-01-30-142,0.375533101356
55,2016-01-30-142,0.498166317138
56,2016-01-30-142,0.396546062663
57,2016-01-30-142,0.346158176997
58,2016-01-30-142,0.398165572068
59,2016-01-30-142,0.173839077012
60,2016-01-30-142,0.264072911954
61,2016-01-30-142,0.256374909831
62,2016-01-30-142,0.223810575674
63,2016-01-30-142,0.187954677262
64,2016-01-30-142,0.287555531922
65,2016-01-30-142,0.248440824472
66,2016-01-30-142,0.311387816242
