1,2016-01-22-46,7.4983449084
2,2016-01-22-46,1.0
3,2016-01-22-46,1.0
4,2016-01-22-46,16.3851299525
5,2016-01-22-46,1.0
6,2016-01-22-46,10.2443465459
7,2016-01-22-46,39.0332845713
8,2016-01-22-46,270.705463481
9,2016-01-22-46,2.86395214579
10,2016-01-22-46,2.31005879086
11,2016-01-22-46,2.61349875186
12,2016-01-22-46,17.3217190587
13,2016-01-22-46,1.00697512277
14,2016-01-22-46,88.2301147786
15,2016-01-22-46,1.0
16,2016-01-22-46,1.14411802886
17,2016-01-22-46,1.0
18,2016-01-22-46,1.7280373064
19,2016-01-22-46,1.90994512934
20,2016-01-22-46,5.2732857277
21,2016-01-22-46,3.51842983205
22,2016-01-22-46,4.93933992215
23,2016-01-22-46,108.842725459
24,2016-01-22-46,155.250360354
25,2016-01-22-46,1.11498649483
26,2016-01-22-46,10.7763247564
27,2016-01-22-46,14.3828886803
28,2016-01-22-46,13.4914996325
29,2016-01-22-46,4.08172926981
30,2016-01-22-46,1.0
31,2016-01-22-46,3.64588349322
32,2016-01-22-46,1.0
33,2016-01-22-46,1.02892856971
34,2016-01-22-46,1.39581424543
35,2016-01-22-46,1.0
36,2016-01-22-46,1.0
37,2016-01-22-46,86.2489717813
38,2016-01-22-46,9.33628569985
39,2016-01-22-46,1.0
40,2016-01-22-46,1.89561594344
41,2016-01-22-46,1.90869521802
42,2016-01-22-46,6.8246271597
43,2016-01-22-46,1.0
44,2016-01-22-46,1.11812979153
45,2016-01-22-46,1.0
46,2016-01-22-46,169.762603175
47,2016-01-22-46,2.49982171897
48,2016-01-22-46,49.4342567975
49,2016-01-22-46,1.0
50,2016-01-22-46,1.0
51,2016-01-22-46,62.7873908344
52,2016-01-22-46,1.0
53,2016-01-22-46,1.17342530258
54,2016-01-22-46,1.0
55,2016-01-22-46,1.0
56,2016-01-22-46,1.0
57,2016-01-22-46,1.0
58,2016-01-22-46,1.11077605248
59,2016-01-22-46,3.27659753964
60,2016-01-22-46,1.10304905869
61,2016-01-22-46,1.0
62,2016-01-22-46,1.0
63,2016-01-22-46,1.0
64,2016-01-22-46,1.0
65,2016-01-22-46,1.0
66,2016-01-22-46,1.0
1,2016-01-22-58,5.28591266874
2,2016-01-22-58,1.0
3,2016-01-22-58,1.23611145721
4,2016-01-22-58,75.5848658009
5,2016-01-22-58,1.02441912005
6,2016-01-22-58,29.1754993512
7,2016-01-22-58,9.01763092267
8,2016-01-22-58,199.333101935
9,2016-01-22-58,8.50207877255
10,2016-01-22-58,2.22340263355
11,2016-01-22-58,1.66846857262
12,2016-01-22-58,4.95129941735
13,2016-01-22-58,1.64669454933
14,2016-01-22-58,6.73105282027
15,2016-01-22-58,1.0
16,2016-01-22-58,5.34884493064
17,2016-01-22-58,1.13416163656
18,2016-01-22-58,1.48107267121
19,2016-01-22-58,2.14527006776
20,2016-01-22-58,3.94529309078
21,2016-01-22-58,6.35923649627
22,2016-01-22-58,11.4603839683
23,2016-01-22-58,182.171641494
24,2016-01-22-58,89.2658252995
25,2016-01-22-58,20.9633913686
26,2016-01-22-58,80.5591640212
27,2016-01-22-58,9.99499927815
28,2016-01-22-58,11.0374064917
29,2016-01-22-58,10.2440527853
30,2016-01-22-58,1.0
31,2016-01-22-58,3.93813742599
32,2016-01-22-58,1.0
33,2016-01-22-58,1.0
34,2016-01-22-58,1.12612937825
35,2016-01-22-58,3.19561719462
36,2016-01-22-58,1.42808325052
37,2016-01-22-58,290.321293651
38,2016-01-22-58,8.65015030644
39,2016-01-22-58,1.54311035008
40,2016-01-22-58,2.38407876608
41,2016-01-22-58,3.59251011211
42,2016-01-22-58,4.6073849427
43,2016-01-22-58,1.0
44,2016-01-22-58,1.0
45,2016-01-22-58,1.0
46,2016-01-22-58,117.795277778
47,2016-01-22-58,2.7171062743
48,2016-01-22-58,9.57341911685
49,2016-01-22-58,1.0
50,2016-01-22-58,1.0
51,2016-01-22-58,29.7709810056
52,2016-01-22-58,1.69998024132
53,2016-01-22-58,16.1532446024
54,2016-01-22-58,1.0
55,2016-01-22-58,1.0
56,2016-01-22-58,1.0
57,2016-01-22-58,1.46977963183
58,2016-01-22-58,1.14887195006
59,2016-01-22-58,1.0
60,2016-01-22-58,1.0
61,2016-01-22-58,1.0
62,2016-01-22-58,1.0
63,2016-01-22-58,1.0
64,2016-01-22-58,1.0
65,2016-01-22-58,1.0
66,2016-01-22-58,1.0
1,2016-01-22-70,5.16334417702
2,2016-01-22-70,1.0
3,2016-01-22-70,1.0
4,2016-01-22-70,8.53799473555
5,2016-01-22-70,1.0
6,2016-01-22-70,10.5909328322
7,2016-01-22-70,5.05597492871
8,2016-01-22-70,20.5620285804
9,2016-01-22-70,1.89254932067
10,2016-01-22-70,1.0
11,2016-01-22-70,1.31284813224
12,2016-01-22-70,3.54118335159
13,2016-01-22-70,1.0
14,2016-01-22-70,4.30606857554
15,2016-01-22-70,1.0
16,2016-01-22-70,1.60223053552
17,2016-01-22-70,1.0
18,2016-01-22-70,1.24476629479
19,2016-01-22-70,1.87263033549
20,2016-01-22-70,7.05164642491
21,2016-01-22-70,2.05543698335
22,2016-01-22-70,11.825231571
23,2016-01-22-70,75.5195929737
24,2016-01-22-70,40.8682599633
25,2016-01-22-70,2.78771483305
26,2016-01-22-70,4.3394745479
27,2016-01-22-70,9.07841848019
28,2016-01-22-70,4.23116858482
29,2016-01-22-70,6.54260998393
30,2016-01-22-70,1.0
31,2016-01-22-70,2.39490414693
32,2016-01-22-70,1.0
33,2016-01-22-70,1.1340966005
34,2016-01-22-70,1.51309898293
35,2016-01-22-70,1.7611949334
36,2016-01-22-70,1.0
37,2016-01-22-70,14.9142145122
38,2016-01-22-70,1.76793397821
39,2016-01-22-70,1.54166603658
40,2016-01-22-70,1.44365805268
41,2016-01-22-70,1.65250396911
42,2016-01-22-70,4.01336436401
43,2016-01-22-70,1.0
44,2016-01-22-70,1.0
45,2016-01-22-70,1.0
46,2016-01-22-70,30.2802936477
47,2016-01-22-70,5.24770355724
48,2016-01-22-70,7.12882775966
49,2016-01-22-70,1.0
50,2016-01-22-70,1.0
51,2016-01-22-70,14.8096385362
52,2016-01-22-70,1.0
53,2016-01-22-70,2.39318098378
54,2016-01-22-70,1.0
55,2016-01-22-70,1.0
56,2016-01-22-70,1.0
57,2016-01-22-70,1.0
58,2016-01-22-70,1.03871954308
59,2016-01-22-70,1.0
60,2016-01-22-70,1.0
61,2016-01-22-70,1.0
62,2016-01-22-70,1.0
63,2016-01-22-70,1.0
64,2016-01-22-70,1.0
65,2016-01-22-70,1.0
66,2016-01-22-70,1.0
1,2016-01-22-82,4.86582166623
2,2016-01-22-82,1.0
3,2016-01-22-82,1.0
4,2016-01-22-82,9.27320770743
5,2016-01-22-82,1.03138100891
6,2016-01-22-82,9.69056438434
7,2016-01-22-82,63.5263259056
8,2016-01-22-82,106.240738336
9,2016-01-22-82,2.33491108048
10,2016-01-22-82,1.0
11,2016-01-22-82,1.68965031766
12,2016-01-22-82,4.05372218476
13,2016-01-22-82,1.0
14,2016-01-22-82,8.14450085114
15,2016-01-22-82,1.0
16,2016-01-22-82,1.16364524939
17,2016-01-22-82,1.0
18,2016-01-22-82,1.31959618182
19,2016-01-22-82,1.99795485954
20,2016-01-22-82,4.93067239911
21,2016-01-22-82,2.54730778865
22,2016-01-22-82,12.5879322844
23,2016-01-22-82,33.1225961019
24,2016-01-22-82,51.311668149
25,2016-01-22-82,1.12578753977
26,2016-01-22-82,27.6447023968
27,2016-01-22-82,10.7694434505
28,2016-01-22-82,6.89823537137
29,2016-01-22-82,4.35287941704
30,2016-01-22-82,1.0
31,2016-01-22-82,2.14897410873
32,2016-01-22-82,1.0
33,2016-01-22-82,1.40282084663
34,2016-01-22-82,1.1773172008
35,2016-01-22-82,4.58547924126
36,2016-01-22-82,1.0
37,2016-01-22-82,56.3525143468
38,2016-01-22-82,1.55178925395
39,2016-01-22-82,1.52220956504
40,2016-01-22-82,1.64188574557
41,2016-01-22-82,1.47592885323
42,2016-01-22-82,3.04997741384
43,2016-01-22-82,1.0
44,2016-01-22-82,1.0
45,2016-01-22-82,1.11062438626
46,2016-01-22-82,14.1140379398
47,2016-01-22-82,5.90478678735
48,2016-01-22-82,26.4191857291
49,2016-01-22-82,1.0
50,2016-01-22-82,1.0
51,2016-01-22-82,37.4692013107
52,2016-01-22-82,1.0
53,2016-01-22-82,1.12287343962
54,2016-01-22-82,1.0
55,2016-01-22-82,1.0
56,2016-01-22-82,1.0
57,2016-01-22-82,1.0
58,2016-01-22-82,1.19738160395
59,2016-01-22-82,1.0
60,2016-01-22-82,1.0
61,2016-01-22-82,1.0
62,2016-01-22-82,1.0
63,2016-01-22-82,1.0
64,2016-01-22-82,1.0
65,2016-01-22-82,1.0
66,2016-01-22-82,1.0
1,2016-01-22-94,4.88988594426
2,2016-01-22-94,1.0
3,2016-01-22-94,1.0
4,2016-01-22-94,5.34110664146
5,2016-01-22-94,1.00328363704
6,2016-01-22-94,2.78762163366
7,2016-01-22-94,140.537842639
8,2016-01-22-94,102.681023125
9,2016-01-22-94,3.06035022647
10,2016-01-22-94,1.20199440604
11,2016-01-22-94,1.24137906422
12,2016-01-22-94,3.67579161915
13,2016-01-22-94,1.0
14,2016-01-22-94,7.94354397232
15,2016-01-22-94,1.0
16,2016-01-22-94,1.00031403638
17,2016-01-22-94,1.0
18,2016-01-22-94,1.45844179274
19,2016-01-22-94,1.86169536011
20,2016-01-22-94,4.37954199714
21,2016-01-22-94,2.58381423866
22,2016-01-22-94,14.6854654155
23,2016-01-22-94,54.1585580877
24,2016-01-22-94,11.7954567622
25,2016-01-22-94,1.3310810978
26,2016-01-22-94,4.12181559271
27,2016-01-22-94,9.55966073528
28,2016-01-22-94,5.8115136056
29,2016-01-22-94,1.58102223991
30,2016-01-22-94,1.0
31,2016-01-22-94,1.84714095584
32,2016-01-22-94,1.0
33,2016-01-22-94,1.0
34,2016-01-22-94,1.29160186686
35,2016-01-22-94,1.58978272211
36,2016-01-22-94,1.0
37,2016-01-22-94,79.389156195
38,2016-01-22-94,1.58951054878
39,2016-01-22-94,1.77553036397
40,2016-01-22-94,1.4848234769
41,2016-01-22-94,1.09716315285
42,2016-01-22-94,3.13755288467
43,2016-01-22-94,1.07014071628
44,2016-01-22-94,1.0
45,2016-01-22-94,1.0
46,2016-01-22-94,9.37562037243
47,2016-01-22-94,1.6789178475
48,2016-01-22-94,99.8931253724
49,2016-01-22-94,1.0
50,2016-01-22-94,1.0
51,2016-01-22-94,109.80457178
52,2016-01-22-94,1.0
53,2016-01-22-94,1.0
54,2016-01-22-94,1.0
55,2016-01-22-94,1.0
56,2016-01-22-94,1.0
57,2016-01-22-94,1.0
58,2016-01-22-94,1.1673004892
59,2016-01-22-94,1.0
60,2016-01-22-94,1.0
61,2016-01-22-94,1.0
62,2016-01-22-94,1.0
63,2016-01-22-94,1.0
64,2016-01-22-94,1.0
65,2016-01-22-94,1.0
66,2016-01-22-94,1.0
1,2016-01-22-106,9.86042589434
2,2016-01-22-106,1.2643417875
3,2016-01-22-106,1.1274480989
4,2016-01-22-106,11.8551059572
5,2016-01-22-106,1.05539185985
6,2016-01-22-106,1.0
7,2016-01-22-106,386.502359289
8,2016-01-22-106,285.270296888
9,2016-01-22-106,1.91809902648
10,2016-01-22-106,1.23777540874
11,2016-01-22-106,4.14025242265
12,2016-01-22-106,8.33207981437
13,2016-01-22-106,1.78441727115
14,2016-01-22-106,56.3078821827
15,2016-01-22-106,1.0
16,2016-01-22-106,2.91122859076
17,2016-01-22-106,1.0
18,2016-01-22-106,1.62101125385
19,2016-01-22-106,6.78917202708
20,2016-01-22-106,8.1815800236
21,2016-01-22-106,4.18187337975
22,2016-01-22-106,32.2637490351
23,2016-01-22-106,156.969933529
24,2016-01-22-106,4.18872605465
25,2016-01-22-106,1.23541181513
26,2016-01-22-106,48.0865221048
27,2016-01-22-106,15.4818213012
28,2016-01-22-106,40.54497891
29,2016-01-22-106,3.97973596516
30,2016-01-22-106,1.0
31,2016-01-22-106,2.56972467619
32,2016-01-22-106,1.0
33,2016-01-22-106,1.0
34,2016-01-22-106,1.62271396993
35,2016-01-22-106,5.63364007061
36,2016-01-22-106,2.60398678639
37,2016-01-22-106,229.983436508
38,2016-01-22-106,1.0
39,2016-01-22-106,1.64385396508
40,2016-01-22-106,1.23030369799
41,2016-01-22-106,1.72396836074
42,2016-01-22-106,5.2483094722
43,2016-01-22-106,1.33712740164
44,2016-01-22-106,1.0
45,2016-01-22-106,2.07493259814
46,2016-01-22-106,28.4538428932
47,2016-01-22-106,1.34324647488
48,2016-01-22-106,305.800278391
49,2016-01-22-106,1.0
50,2016-01-22-106,1.0
51,2016-01-22-106,908.184946666
52,2016-01-22-106,1.0
53,2016-01-22-106,8.07291116916
54,2016-01-22-106,1.0
55,2016-01-22-106,1.0
56,2016-01-22-106,1.5130436439
57,2016-01-22-106,1.0
58,2016-01-22-106,1.0
59,2016-01-22-106,1.0
60,2016-01-22-106,1.0
61,2016-01-22-106,1.0
62,2016-01-22-106,1.18534596724
63,2016-01-22-106,1.03169683098
64,2016-01-22-106,1.0
65,2016-01-22-106,1.0
66,2016-01-22-106,1.0
1,2016-01-22-118,8.96192947611
2,2016-01-22-118,1.19297591146
3,2016-01-22-118,1.0
4,2016-01-22-118,13.1782872638
5,2016-01-22-118,1.0
6,2016-01-22-118,1.02618407697
7,2016-01-22-118,81.6426838902
8,2016-01-22-118,52.5708488826
9,2016-01-22-118,2.21743274336
10,2016-01-22-118,1.03126353953
11,2016-01-22-118,1.20822606073
12,2016-01-22-118,3.98317222559
13,2016-01-22-118,1.0
14,2016-01-22-118,4.66707078258
15,2016-01-22-118,1.0
16,2016-01-22-118,1.0
17,2016-01-22-118,1.0
18,2016-01-22-118,1.0024610812
19,2016-01-22-118,1.83601324747
20,2016-01-22-118,5.30915002696
21,2016-01-22-118,3.84407758881
22,2016-01-22-118,16.6727514895
23,2016-01-22-118,27.0006687552
24,2016-01-22-118,2.92090476125
25,2016-01-22-118,2.95100956458
26,2016-01-22-118,98.040469475
27,2016-01-22-118,8.11710191708
28,2016-01-22-118,17.6844704185
29,2016-01-22-118,1.63401583686
30,2016-01-22-118,1.0
31,2016-01-22-118,2.04783906847
32,2016-01-22-118,1.0
33,2016-01-22-118,1.0
34,2016-01-22-118,1.0
35,2016-01-22-118,5.52037109565
36,2016-01-22-118,1.1918613467
37,2016-01-22-118,8.96696125145
38,2016-01-22-118,1.0
39,2016-01-22-118,1.94290925892
40,2016-01-22-118,1.38209130582
41,2016-01-22-118,1.03364691315
42,2016-01-22-118,3.12133547026
43,2016-01-22-118,1.0
44,2016-01-22-118,1.0
45,2016-01-22-118,1.0
46,2016-01-22-118,8.99238349581
47,2016-01-22-118,1.0
48,2016-01-22-118,44.9821871693
49,2016-01-22-118,1.0
50,2016-01-22-118,1.0
51,2016-01-22-118,134.493731195
52,2016-01-22-118,1.0
53,2016-01-22-118,1.90116854611
54,2016-01-22-118,1.0
55,2016-01-22-118,1.0
56,2016-01-22-118,1.0
57,2016-01-22-118,1.0
58,2016-01-22-118,1.0
59,2016-01-22-118,1.0
60,2016-01-22-118,1.0
61,2016-01-22-118,1.0
62,2016-01-22-118,1.0
63,2016-01-22-118,1.0
64,2016-01-22-118,1.0
65,2016-01-22-118,1.0
66,2016-01-22-118,1.0
1,2016-01-22-130,13.0959682623
2,2016-01-22-130,1.0
3,2016-01-22-130,1.0
4,2016-01-22-130,9.00722288537
5,2016-01-22-130,1.0
6,2016-01-22-130,1.0
7,2016-01-22-130,147.694747978
8,2016-01-22-130,130.389184861
9,2016-01-22-130,1.72171307677
10,2016-01-22-130,1.0
11,2016-01-22-130,1.20438923519
12,2016-01-22-130,5.80660097456
13,2016-01-22-130,1.40672421854
14,2016-01-22-130,9.09941392618
15,2016-01-22-130,1.0
16,2016-01-22-130,1.15663937553
17,2016-01-22-130,1.0
18,2016-01-22-130,1.0
19,2016-01-22-130,3.11975882787
20,2016-01-22-130,5.40091530857
21,2016-01-22-130,2.7208776108
22,2016-01-22-130,15.4091413429
23,2016-01-22-130,81.884611666
24,2016-01-22-130,3.64743616513
25,2016-01-22-130,1.09198996924
26,2016-01-22-130,3.05376016003
27,2016-01-22-130,7.79665555157
28,2016-01-22-130,156.510716792
29,2016-01-22-130,1.34429733219
30,2016-01-22-130,1.0
31,2016-01-22-130,1.87689996342
32,2016-01-22-130,1.0
33,2016-01-22-130,1.0
34,2016-01-22-130,1.0
35,2016-01-22-130,2.08156769658
36,2016-01-22-130,1.0
37,2016-01-22-130,22.4872704729
38,2016-01-22-130,2.48585120934
39,2016-01-22-130,3.67180689675
40,2016-01-22-130,1.37051876556
41,2016-01-22-130,1.0
42,2016-01-22-130,2.86094641701
43,2016-01-22-130,1.0
44,2016-01-22-130,1.0
45,2016-01-22-130,1.0
46,2016-01-22-130,19.7385108622
47,2016-01-22-130,1.26386185888
48,2016-01-22-130,166.833720274
49,2016-01-22-130,1.0
50,2016-01-22-130,1.0
51,2016-01-22-130,824.978960169
52,2016-01-22-130,1.0
53,2016-01-22-130,1.0
54,2016-01-22-130,1.0
55,2016-01-22-130,1.0
56,2016-01-22-130,1.0
57,2016-01-22-130,1.0
58,2016-01-22-130,1.0
59,2016-01-22-130,1.0
60,2016-01-22-130,1.0
61,2016-01-22-130,1.0
62,2016-01-22-130,1.79507685983
63,2016-01-22-130,1.0
64,2016-01-22-130,1.0
65,2016-01-22-130,1.0
66,2016-01-22-130,1.0
1,2016-01-22-142,3.71297661099
2,2016-01-22-142,1.0
3,2016-01-22-142,1.0
4,2016-01-22-142,1.90415587448
5,2016-01-22-142,1.0
6,2016-01-22-142,1.0
7,2016-01-22-142,8.08970872964
8,2016-01-22-142,5.89602190059
9,2016-01-22-142,1.469532372
10,2016-01-22-142,1.0
11,2016-01-22-142,1.0
12,2016-01-22-142,5.5161106267
13,2016-01-22-142,1.0
14,2016-01-22-142,2.89653934145
15,2016-01-22-142,1.0
16,2016-01-22-142,1.08581227303
17,2016-01-22-142,1.0
18,2016-01-22-142,1.14703407091
19,2016-01-22-142,1.53089726236
20,2016-01-22-142,2.20329217209
21,2016-01-22-142,1.3835671737
22,2016-01-22-142,13.4191895893
23,2016-01-22-142,25.8905526152
24,2016-01-22-142,2.80435419957
25,2016-01-22-142,1.11542965869
26,2016-01-22-142,1.43413492124
27,2016-01-22-142,4.44856814094
28,2016-01-22-142,7.50726602902
29,2016-01-22-142,1.40653024989
30,2016-01-22-142,1.0
31,2016-01-22-142,1.2959444714
32,2016-01-22-142,1.0
33,2016-01-22-142,1.0
34,2016-01-22-142,1.0
35,2016-01-22-142,1.0
36,2016-01-22-142,1.0
37,2016-01-22-142,3.27096513081
38,2016-01-22-142,1.08008079456
39,2016-01-22-142,1.97992723834
40,2016-01-22-142,1.40594745074
41,2016-01-22-142,1.0
42,2016-01-22-142,6.66320318524
43,2016-01-22-142,1.0
44,2016-01-22-142,1.0
45,2016-01-22-142,1.0
46,2016-01-22-142,2.87214365136
47,2016-01-22-142,1.0
48,2016-01-22-142,17.3470068097
49,2016-01-22-142,1.0
50,2016-01-22-142,1.0
51,2016-01-22-142,153.297827524
52,2016-01-22-142,1.0
53,2016-01-22-142,1.0
54,2016-01-22-142,1.0
55,2016-01-22-142,1.0
56,2016-01-22-142,1.0
57,2016-01-22-142,1.0
58,2016-01-22-142,1.0
59,2016-01-22-142,1.0
60,2016-01-22-142,1.0
61,2016-01-22-142,1.0
62,2016-01-22-142,1.0
63,2016-01-22-142,1.0
64,2016-01-22-142,1.0
65,2016-01-22-142,1.0
66,2016-01-22-142,1.0
1,2016-01-24-58,3.93159736306
2,2016-01-24-58,1.0
3,2016-01-24-58,1.14507767614
4,2016-01-24-58,5.16589463824
5,2016-01-24-58,1.0
6,2016-01-24-58,7.00909935192
7,2016-01-24-58,18.615812791
8,2016-01-24-58,58.6778769581
9,2016-01-24-58,2.75061816552
10,2016-01-24-58,1.65853705353
11,2016-01-24-58,1.75134587838
12,2016-01-24-58,2.90766497706
13,2016-01-24-58,1.32317448721
14,2016-01-24-58,9.62245409843
15,2016-01-24-58,1.0
16,2016-01-24-58,1.73724334385
17,2016-01-24-58,1.0
18,2016-01-24-58,1.45799784335
19,2016-01-24-58,1.68322906229
20,2016-01-24-58,3.72599479797
21,2016-01-24-58,1.93064098982
22,2016-01-24-58,9.68599139063
23,2016-01-24-58,33.1459930581
24,2016-01-24-58,61.1582119401
25,2016-01-24-58,1.10356438417
26,2016-01-24-58,3.82796730372
27,2016-01-24-58,8.85301301037
28,2016-01-24-58,6.42976771417
29,2016-01-24-58,6.15929078422
30,2016-01-24-58,1.0
31,2016-01-24-58,3.46816076534
32,2016-01-24-58,1.0
33,2016-01-24-58,1.00071000985
34,2016-01-24-58,1.43144972838
35,2016-01-24-58,1.71004290025
36,2016-01-24-58,1.18580193971
37,2016-01-24-58,41.5824512706
38,2016-01-24-58,4.2012685735
39,2016-01-24-58,1.36424284485
40,2016-01-24-58,2.34185417956
41,2016-01-24-58,1.91125478425
42,2016-01-24-58,4.3323205249
43,2016-01-24-58,1.0
44,2016-01-24-58,1.0
45,2016-01-24-58,1.0
46,2016-01-24-58,47.4051137566
47,2016-01-24-58,2.15893504161
48,2016-01-24-58,9.1507300604
49,2016-01-24-58,1.20472033782
50,2016-01-24-58,1.24463149195
51,2016-01-24-58,15.4854023204
52,2016-01-24-58,1.0
53,2016-01-24-58,1.0
54,2016-01-24-58,1.0
55,2016-01-24-58,1.0
56,2016-01-24-58,1.0
57,2016-01-24-58,1.0
58,2016-01-24-58,1.28546893832
59,2016-01-24-58,1.0
60,2016-01-24-58,1.0
61,2016-01-24-58,1.0
62,2016-01-24-58,1.0
63,2016-01-24-58,1.0
64,2016-01-24-58,1.0
65,2016-01-24-58,1.0
66,2016-01-24-58,1.0
1,2016-01-24-70,4.72036178976
2,2016-01-24-70,1.0
3,2016-01-24-70,1.0
4,2016-01-24-70,5.5487893279
5,2016-01-24-70,1.08814084842
6,2016-01-24-70,3.14507294749
7,2016-01-24-70,14.2300845942
8,2016-01-24-70,65.1258946487
9,2016-01-24-70,8.55431604728
10,2016-01-24-70,1.25483125348
11,2016-01-24-70,1.69605599082
12,2016-01-24-70,4.7522031194
13,2016-01-24-70,1.16141515827
14,2016-01-24-70,23.9717901362
15,2016-01-24-70,1.0
16,2016-01-24-70,2.88495617187
17,2016-01-24-70,1.10897763743
18,2016-01-24-70,1.65358379821
19,2016-01-24-70,2.21360357443
20,2016-01-24-70,11.1201590978
21,2016-01-24-70,2.48285198846
22,2016-01-24-70,11.9085850524
23,2016-01-24-70,54.0564993216
24,2016-01-24-70,84.2914674563
25,2016-01-24-70,1.10951408373
26,2016-01-24-70,36.1982006001
27,2016-01-24-70,10.8942066982
28,2016-01-24-70,15.5138047815
29,2016-01-24-70,6.85202342584
30,2016-01-24-70,1.01295980585
31,2016-01-24-70,2.50217994625
32,2016-01-24-70,1.0
33,2016-01-24-70,1.02404509499
34,2016-01-24-70,1.86458096641
35,2016-01-24-70,2.42557016237
36,2016-01-24-70,1.08430927651
37,2016-01-24-70,132.069611576
38,2016-01-24-70,2.84696106494
39,2016-01-24-70,1.41352290277
40,2016-01-24-70,1.89925075067
41,2016-01-24-70,2.39584733407
42,2016-01-24-70,3.98664546272
43,2016-01-24-70,1.0
44,2016-01-24-70,1.0
45,2016-01-24-70,1.52273747582
46,2016-01-24-70,129.811387927
47,2016-01-24-70,3.28099753644
48,2016-01-24-70,6.33730026482
49,2016-01-24-70,1.0
50,2016-01-24-70,1.0
51,2016-01-24-70,22.8220220047
52,2016-01-24-70,1.0
53,2016-01-24-70,1.32275033841
54,2016-01-24-70,1.0
55,2016-01-24-70,1.0
56,2016-01-24-70,1.0
57,2016-01-24-70,1.0
58,2016-01-24-70,1.32394287345
59,2016-01-24-70,1.0
60,2016-01-24-70,1.05709835641
61,2016-01-24-70,1.0
62,2016-01-24-70,1.0
63,2016-01-24-70,1.0
64,2016-01-24-70,1.0
65,2016-01-24-70,1.0
66,2016-01-24-70,1.0
1,2016-01-24-82,5.40680115658
2,2016-01-24-82,1.0
3,2016-01-24-82,1.0
4,2016-01-24-82,7.21563899176
5,2016-01-24-82,1.12160471476
6,2016-01-24-82,4.28730148398
7,2016-01-24-82,34.7412295477
8,2016-01-24-82,61.1203710919
9,2016-01-24-82,2.17303501037
10,2016-01-24-82,1.57885206282
11,2016-01-24-82,2.54150969839
12,2016-01-24-82,4.51142502533
13,2016-01-24-82,1.0466030436
14,2016-01-24-82,11.4008214451
15,2016-01-24-82,1.0
16,2016-01-24-82,2.71084433842
17,2016-01-24-82,1.0
18,2016-01-24-82,1.25910743066
19,2016-01-24-82,2.36130067757
20,2016-01-24-82,4.94074006495
21,2016-01-24-82,2.31757731956
22,2016-01-24-82,12.5422953667
23,2016-01-24-82,63.228117005
24,2016-01-24-82,24.5405141418
25,2016-01-24-82,2.46549650624
26,2016-01-24-82,8.91254903984
27,2016-01-24-82,10.8063376432
28,2016-01-24-82,15.6583205782
29,2016-01-24-82,4.85920633085
30,2016-01-24-82,1.0
31,2016-01-24-82,2.40930753145
32,2016-01-24-82,1.0
33,2016-01-24-82,1.0
34,2016-01-24-82,1.7570391763
35,2016-01-24-82,1.79354459449
36,2016-01-24-82,1.29930555764
37,2016-01-24-82,41.3204792089
38,2016-01-24-82,6.57291090754
39,2016-01-24-82,1.2811341846
40,2016-01-24-82,1.60128671687
41,2016-01-24-82,1.62463190647
42,2016-01-24-82,2.96914011103
43,2016-01-24-82,1.0
44,2016-01-24-82,1.0
45,2016-01-24-82,1.35293339707
46,2016-01-24-82,21.7255484748
47,2016-01-24-82,3.47014021897
48,2016-01-24-82,33.4351663399
49,2016-01-24-82,1.04092367635
50,2016-01-24-82,1.27975007495
51,2016-01-24-82,42.3740035963
52,2016-01-24-82,1.0
53,2016-01-24-82,1.77660378934
54,2016-01-24-82,1.0
55,2016-01-24-82,1.0
56,2016-01-24-82,1.0
57,2016-01-24-82,1.0
58,2016-01-24-82,1.07497212295
59,2016-01-24-82,1.0
60,2016-01-24-82,1.0
61,2016-01-24-82,1.0
62,2016-01-24-82,1.0
63,2016-01-24-82,1.0
64,2016-01-24-82,1.0
65,2016-01-24-82,1.0
66,2016-01-24-82,1.0
1,2016-01-24-94,5.14208337828
2,2016-01-24-94,1.0
3,2016-01-24-94,1.0
4,2016-01-24-94,2.81283130051
5,2016-01-24-94,1.05986895151
6,2016-01-24-94,1.49621095462
7,2016-01-24-94,27.1196019253
8,2016-01-24-94,26.5321003811
9,2016-01-24-94,2.47322191016
10,2016-01-24-94,1.31893225297
11,2016-01-24-94,1.77099921641
12,2016-01-24-94,4.43800425495
13,2016-01-24-94,1.0
14,2016-01-24-94,5.64925773701
15,2016-01-24-94,1.0
16,2016-01-24-94,1.22243109315
17,2016-01-24-94,1.0
18,2016-01-24-94,1.1366230586
19,2016-01-24-94,1.83817540111
20,2016-01-24-94,4.19653529255
21,2016-01-24-94,2.99265326551
22,2016-01-24-94,13.0695563748
23,2016-01-24-94,22.7620679794
24,2016-01-24-94,8.66045746541
25,2016-01-24-94,1.11390048504
26,2016-01-24-94,4.79569184648
27,2016-01-24-94,9.5514080477
28,2016-01-24-94,7.07787674392
29,2016-01-24-94,2.11935192464
30,2016-01-24-94,1.0381677449
31,2016-01-24-94,2.00215612855
32,2016-01-24-94,1.0
33,2016-01-24-94,1.0
34,2016-01-24-94,1.69215101774
35,2016-01-24-94,2.94667409713
36,2016-01-24-94,1.2208852027
37,2016-01-24-94,20.3657196189
38,2016-01-24-94,1.64507621141
39,2016-01-24-94,1.40089806469
40,2016-01-24-94,1.63823642485
41,2016-01-24-94,1.50032945505
42,2016-01-24-94,5.92914378213
43,2016-01-24-94,1.0
44,2016-01-24-94,1.0
45,2016-01-24-94,1.0
46,2016-01-24-94,3.78331798492
47,2016-01-24-94,1.0
48,2016-01-24-94,114.296831389
49,2016-01-24-94,1.0
50,2016-01-24-94,1.0
51,2016-01-24-94,37.1173942461
52,2016-01-24-94,1.0
53,2016-01-24-94,1.42339620928
54,2016-01-24-94,1.0
55,2016-01-24-94,1.0
56,2016-01-24-94,1.08707202668
57,2016-01-24-94,1.0
58,2016-01-24-94,1.70735117635
59,2016-01-24-94,1.0
60,2016-01-24-94,1.0
61,2016-01-24-94,1.0
62,2016-01-24-94,1.0
63,2016-01-24-94,1.0
64,2016-01-24-94,1.0
65,2016-01-24-94,1.0
66,2016-01-24-94,1.0
1,2016-01-24-106,8.38246579488
2,2016-01-24-106,1.10329509574
3,2016-01-24-106,1.18790575495
4,2016-01-24-106,5.99113503102
5,2016-01-24-106,1.0
6,2016-01-24-106,2.54423143957
7,2016-01-24-106,29.2617133422
8,2016-01-24-106,45.9550598568
9,2016-01-24-106,2.59692316509
10,2016-01-24-106,1.34123651781
11,2016-01-24-106,3.02293834008
12,2016-01-24-106,19.0273828116
13,2016-01-24-106,2.09595043097
14,2016-01-24-106,8.03471120734
15,2016-01-24-106,1.0
16,2016-01-24-106,6.26160161061
17,2016-01-24-106,1.0
18,2016-01-24-106,1.88657438151
19,2016-01-24-106,2.48046795538
20,2016-01-24-106,4.58650111572
21,2016-01-24-106,2.95840720597
22,2016-01-24-106,20.3378664283
23,2016-01-24-106,35.2925369918
24,2016-01-24-106,5.84990184753
25,2016-01-24-106,5.11959785216
26,2016-01-24-106,2.54235777542
27,2016-01-24-106,14.250790106
28,2016-01-24-106,19.224783428
29,2016-01-24-106,5.51551056254
30,2016-01-24-106,1.0
31,2016-01-24-106,2.32813749227
32,2016-01-24-106,1.0
33,2016-01-24-106,1.0
34,2016-01-24-106,1.55535297073
35,2016-01-24-106,3.68570596185
36,2016-01-24-106,1.51770498974
37,2016-01-24-106,12.7545004812
38,2016-01-24-106,1.14962399236
39,2016-01-24-106,2.09444071518
40,2016-01-24-106,1.74768975233
41,2016-01-24-106,2.48232042785
42,2016-01-24-106,10.0436074534
43,2016-01-24-106,1.0
44,2016-01-24-106,1.0
45,2016-01-24-106,1.19685067129
46,2016-01-24-106,5.90148919014
47,2016-01-24-106,1.0359982157
48,2016-01-24-106,286.736482784
49,2016-01-24-106,1.0
50,2016-01-24-106,1.0265405155
51,2016-01-24-106,258.37637687
52,2016-01-24-106,1.0
53,2016-01-24-106,1.0
54,2016-01-24-106,1.0
55,2016-01-24-106,1.0
56,2016-01-24-106,1.02292969414
57,2016-01-24-106,1.41055392094
58,2016-01-24-106,1.0
59,2016-01-24-106,1.0
60,2016-01-24-106,1.0
61,2016-01-24-106,1.0
62,2016-01-24-106,2.00842705443
63,2016-01-24-106,1.0
64,2016-01-24-106,1.0
65,2016-01-24-106,1.0
66,2016-01-24-106,1.00331369452
1,2016-01-24-118,6.76031744654
2,2016-01-24-118,1.09132367016
3,2016-01-24-118,1.0
4,2016-01-24-118,2.90516535917
5,2016-01-24-118,1.0
6,2016-01-24-118,1.68475378943
7,2016-01-24-118,11.059638551
8,2016-01-24-118,18.119825628
9,2016-01-24-118,2.15267259529
10,2016-01-24-118,1.33763287577
11,2016-01-24-118,1.36329672286
12,2016-01-24-118,3.9946316198
13,2016-01-24-118,1.0
14,2016-01-24-118,6.38069578571
15,2016-01-24-118,1.0
16,2016-01-24-118,1.12900052113
17,2016-01-24-118,1.0
18,2016-01-24-118,1.1262538914
19,2016-01-24-118,2.07086466806
20,2016-01-24-118,2.72366163058
21,2016-01-24-118,2.66784015718
22,2016-01-24-118,15.4744474557
23,2016-01-24-118,27.7443098551
24,2016-01-24-118,6.16736749784
25,2016-01-24-118,1.82403062737
26,2016-01-24-118,1.91482765265
27,2016-01-24-118,9.34813356232
28,2016-01-24-118,6.29265653004
29,2016-01-24-118,2.11530662709
30,2016-01-24-118,1.0
31,2016-01-24-118,2.48993440383
32,2016-01-24-118,1.0
33,2016-01-24-118,1.0
34,2016-01-24-118,1.34152730627
35,2016-01-24-118,1.85561382327
36,2016-01-24-118,1.12073706691
37,2016-01-24-118,6.77294028041
38,2016-01-24-118,2.81276550166
39,2016-01-24-118,2.69505650669
40,2016-01-24-118,1.47425934907
41,2016-01-24-118,1.04258052335
42,2016-01-24-118,2.81457686547
43,2016-01-24-118,1.0
44,2016-01-24-118,1.0
45,2016-01-24-118,1.0
46,2016-01-24-118,4.08928856236
47,2016-01-24-118,3.35039102611
48,2016-01-24-118,17.2367791007
49,2016-01-24-118,1.04870243033
50,2016-01-24-118,1.0
51,2016-01-24-118,86.0729353054
52,2016-01-24-118,1.0
53,2016-01-24-118,1.0
54,2016-01-24-118,1.0
55,2016-01-24-118,1.0
56,2016-01-24-118,1.0
57,2016-01-24-118,1.0
58,2016-01-24-118,1.0
59,2016-01-24-118,1.0
60,2016-01-24-118,1.0
61,2016-01-24-118,1.0
62,2016-01-24-118,1.0
63,2016-01-24-118,1.0
64,2016-01-24-118,1.0
65,2016-01-24-118,1.0
66,2016-01-24-118,1.0
1,2016-01-24-130,7.06574921068
2,2016-01-24-130,1.0
3,2016-01-24-130,1.0
4,2016-01-24-130,12.3750225724
5,2016-01-24-130,1.0
6,2016-01-24-130,1.0
7,2016-01-24-130,14.6188563564
8,2016-01-24-130,68.1094963185
9,2016-01-24-130,2.07320330037
10,2016-01-24-130,1.26126782026
11,2016-01-24-130,1.3649156331
12,2016-01-24-130,8.83119003067
13,2016-01-24-130,1.0
14,2016-01-24-130,2.88049010556
15,2016-01-24-130,1.0
16,2016-01-24-130,1.27893671145
17,2016-01-24-130,1.0
18,2016-01-24-130,1.2031418006
19,2016-01-24-130,2.58889549249
20,2016-01-24-130,3.67417272022
21,2016-01-24-130,2.22847260339
22,2016-01-24-130,12.2776191954
23,2016-01-24-130,133.215411823
24,2016-01-24-130,7.55941976563
25,2016-01-24-130,1.09772189442
26,2016-01-24-130,1.77590341074
27,2016-01-24-130,7.83171210112
28,2016-01-24-130,18.5917053245
29,2016-01-24-130,2.60617976939
30,2016-01-24-130,1.0
31,2016-01-24-130,1.86832449097
32,2016-01-24-130,1.0
33,2016-01-24-130,1.0
34,2016-01-24-130,1.10340082745
35,2016-01-24-130,1.10635219998
36,2016-01-24-130,1.0
37,2016-01-24-130,8.37403350317
38,2016-01-24-130,1.73241074679
39,2016-01-24-130,2.68616872798
40,2016-01-24-130,1.86793669087
41,2016-01-24-130,1.47649161505
42,2016-01-24-130,2.80669157487
43,2016-01-24-130,1.00381210688
44,2016-01-24-130,1.0
45,2016-01-24-130,1.0
46,2016-01-24-130,4.5501111816
47,2016-01-24-130,1.0
48,2016-01-24-130,57.8253882702
49,2016-01-24-130,1.0
50,2016-01-24-130,1.0
51,2016-01-24-130,504.961327191
52,2016-01-24-130,1.0
53,2016-01-24-130,1.0
54,2016-01-24-130,1.0
55,2016-01-24-130,1.0
56,2016-01-24-130,1.0
57,2016-01-24-130,1.0
58,2016-01-24-130,1.0
59,2016-01-24-130,1.0
60,2016-01-24-130,1.0
61,2016-01-24-130,1.23349600358
62,2016-01-24-130,2.07111790987
63,2016-01-24-130,1.0
64,2016-01-24-130,1.0
65,2016-01-24-130,1.0
66,2016-01-24-130,1.0
1,2016-01-24-142,3.47451035707
2,2016-01-24-142,1.0
3,2016-01-24-142,1.0
4,2016-01-24-142,1.5497928915
5,2016-01-24-142,1.0
6,2016-01-24-142,1.0
7,2016-01-24-142,5.85275253113
8,2016-01-24-142,5.78913850147
9,2016-01-24-142,1.54853617688
10,2016-01-24-142,1.0
11,2016-01-24-142,1.0
12,2016-01-24-142,3.957352488
13,2016-01-24-142,1.0
14,2016-01-24-142,2.27684087281
15,2016-01-24-142,1.0
16,2016-01-24-142,1.07946407556
17,2016-01-24-142,1.0
18,2016-01-24-142,1.92113519327
19,2016-01-24-142,2.46441836052
20,2016-01-24-142,1.74273251745
21,2016-01-24-142,1.0
22,2016-01-24-142,10.3043503226
23,2016-01-24-142,13.3867969276
24,2016-01-24-142,2.32928335228
25,2016-01-24-142,1.10742934863
26,2016-01-24-142,1.0
27,2016-01-24-142,8.31657989392
28,2016-01-24-142,5.21002797338
29,2016-01-24-142,1.45049333146
30,2016-01-24-142,1.0
31,2016-01-24-142,1.82305718648
32,2016-01-24-142,1.0
33,2016-01-24-142,1.0
34,2016-01-24-142,1.0
35,2016-01-24-142,1.0
36,2016-01-24-142,1.0
37,2016-01-24-142,2.97851465192
38,2016-01-24-142,1.13780634172
39,2016-01-24-142,2.59949168593
40,2016-01-24-142,1.28596656265
41,2016-01-24-142,1.0
42,2016-01-24-142,2.12664967497
43,2016-01-24-142,1.0
44,2016-01-24-142,1.0
45,2016-01-24-142,1.0
46,2016-01-24-142,2.06512524821
47,2016-01-24-142,1.0
48,2016-01-24-142,15.2072923495
49,2016-01-24-142,1.0
50,2016-01-24-142,1.0
51,2016-01-24-142,48.2852995862
52,2016-01-24-142,1.0
53,2016-01-24-142,1.26793475857
54,2016-01-24-142,1.0
55,2016-01-24-142,1.0
56,2016-01-24-142,1.0
57,2016-01-24-142,1.0
58,2016-01-24-142,1.0
59,2016-01-24-142,1.0
60,2016-01-24-142,1.0
61,2016-01-24-142,1.0
62,2016-01-24-142,1.0
63,2016-01-24-142,1.0
64,2016-01-24-142,1.0
65,2016-01-24-142,1.0
66,2016-01-24-142,1.0
1,2016-01-26-46,8.26714061019
2,2016-01-26-46,1.0
3,2016-01-26-46,1.0
4,2016-01-26-46,9.22966205263
5,2016-01-26-46,1.0
6,2016-01-26-46,11.8012830379
7,2016-01-26-46,79.9011027828
8,2016-01-26-46,439.34729304
9,2016-01-26-46,2.72937486262
10,2016-01-26-46,1.79749825851
11,2016-01-26-46,1.54935926552
12,2016-01-26-46,4.10762461323
13,2016-01-26-46,1.19621554664
14,2016-01-26-46,64.6926320598
15,2016-01-26-46,1.0
16,2016-01-26-46,1.35749026927
17,2016-01-26-46,1.0
18,2016-01-26-46,2.10635019688
19,2016-01-26-46,2.30422777911
20,2016-01-26-46,12.0779645638
21,2016-01-26-46,3.2687177318
22,2016-01-26-46,7.41766425523
23,2016-01-26-46,269.921463646
24,2016-01-26-46,82.1576347387
25,2016-01-26-46,1.10078297689
26,2016-01-26-46,25.1927266933
27,2016-01-26-46,18.7993823867
28,2016-01-26-46,21.5560730957
29,2016-01-26-46,6.56934005096
30,2016-01-26-46,1.0
31,2016-01-26-46,3.46034249921
32,2016-01-26-46,1.11585730823
33,2016-01-26-46,1.0
34,2016-01-26-46,1.25846390748
35,2016-01-26-46,1.44379147986
36,2016-01-26-46,1.0
37,2016-01-26-46,134.282965849
38,2016-01-26-46,7.361683128
39,2016-01-26-46,1.0
40,2016-01-26-46,1.77396132166
41,2016-01-26-46,1.65888218312
42,2016-01-26-46,9.60664999479
43,2016-01-26-46,1.0
44,2016-01-26-46,2.60786795477
45,2016-01-26-46,1.0
46,2016-01-26-46,192.781349206
47,2016-01-26-46,2.17752374006
48,2016-01-26-46,41.8309337718
49,2016-01-26-46,1.02413182368
50,2016-01-26-46,1.0
51,2016-01-26-46,54.4306077459
52,2016-01-26-46,1.0
53,2016-01-26-46,1.82006809812
54,2016-01-26-46,1.0
55,2016-01-26-46,1.0
56,2016-01-26-46,1.0
57,2016-01-26-46,1.0
58,2016-01-26-46,1.2830878762
59,2016-01-26-46,2.9678350651
60,2016-01-26-46,1.0
61,2016-01-26-46,1.0
62,2016-01-26-46,1.0
63,2016-01-26-46,1.0
64,2016-01-26-46,1.0
65,2016-01-26-46,1.0
66,2016-01-26-46,1.0
1,2016-01-26-58,6.705477143
2,2016-01-26-58,1.0
3,2016-01-26-58,1.0
4,2016-01-26-58,81.0599407814
5,2016-01-26-58,1.0
6,2016-01-26-58,28.6454554863
7,2016-01-26-58,33.7832214822
8,2016-01-26-58,272.02742156
9,2016-01-26-58,15.9479942773
10,2016-01-26-58,1.97520537484
11,2016-01-26-58,3.36941495217
12,2016-01-26-58,4.98100512715
13,2016-01-26-58,2.41593341789
14,2016-01-26-58,28.76006574
15,2016-01-26-58,1.0
16,2016-01-26-58,5.99195487376
17,2016-01-26-58,1.00284835043
18,2016-01-26-58,1.53496412803
19,2016-01-26-58,3.16025083023
20,2016-01-26-58,4.88553840193
21,2016-01-26-58,2.69754234591
22,2016-01-26-58,16.3908774322
23,2016-01-26-58,184.531585246
24,2016-01-26-58,84.3225677278
25,2016-01-26-58,21.1539854764
26,2016-01-26-58,45.4694879935
27,2016-01-26-58,9.19918389779
28,2016-01-26-58,18.3587786935
29,2016-01-26-58,4.79988400098
30,2016-01-26-58,1.0
31,2016-01-26-58,3.44289957952
32,2016-01-26-58,1.0
33,2016-01-26-58,1.23516770925
34,2016-01-26-58,1.46974662053
35,2016-01-26-58,2.14915102312
36,2016-01-26-58,1.17561434871
37,2016-01-26-58,263.469669553
38,2016-01-26-58,5.43176531465
39,2016-01-26-58,1.02076148001
40,2016-01-26-58,1.90771913299
41,2016-01-26-58,3.35905999722
42,2016-01-26-58,3.46280262744
43,2016-01-26-58,1.0
44,2016-01-26-58,1.0
45,2016-01-26-58,1.0
46,2016-01-26-58,88.5527777778
47,2016-01-26-58,4.6030282716
48,2016-01-26-58,19.6511634439
49,2016-01-26-58,1.37805245676
50,2016-01-26-58,1.0
51,2016-01-26-58,42.0779245413
52,2016-01-26-58,1.0
53,2016-01-26-58,12.2499762171
54,2016-01-26-58,1.0
55,2016-01-26-58,1.0
56,2016-01-26-58,1.0
57,2016-01-26-58,1.0
58,2016-01-26-58,1.4475620206
59,2016-01-26-58,1.0
60,2016-01-26-58,1.0
61,2016-01-26-58,1.0
62,2016-01-26-58,1.0
63,2016-01-26-58,1.0
64,2016-01-26-58,1.0
65,2016-01-26-58,1.0
66,2016-01-26-58,1.0
1,2016-01-26-70,5.62516521312
2,2016-01-26-70,1.0
3,2016-01-26-70,1.0
4,2016-01-26-70,9.19113257304
5,2016-01-26-70,1.19326346625
6,2016-01-26-70,3.21935377513
7,2016-01-26-70,12.2602969581
8,2016-01-26-70,44.7825762666
9,2016-01-26-70,1.73977882273
10,2016-01-26-70,1.0
11,2016-01-26-70,1.48314707013
12,2016-01-26-70,14.2260448628
13,2016-01-26-70,1.0
14,2016-01-26-70,16.747414794
15,2016-01-26-70,1.0
16,2016-01-26-70,1.0
17,2016-01-26-70,1.0
18,2016-01-26-70,1.15639967062
19,2016-01-26-70,3.30015440878
20,2016-01-26-70,8.98637983748
21,2016-01-26-70,1.87574544768
22,2016-01-26-70,14.1697557671
23,2016-01-26-70,88.9066373443
24,2016-01-26-70,27.6680512709
25,2016-01-26-70,1.1096817184
26,2016-01-26-70,4.75867014058
27,2016-01-26-70,11.0249918337
28,2016-01-26-70,9.60645222917
29,2016-01-26-70,4.90332075491
30,2016-01-26-70,1.0
31,2016-01-26-70,2.44228114962
32,2016-01-26-70,1.0
33,2016-01-26-70,1.0169136767
34,2016-01-26-70,1.00179063438
35,2016-01-26-70,1.59460078907
36,2016-01-26-70,1.0
37,2016-01-26-70,21.1322139693
38,2016-01-26-70,1.78699207443
39,2016-01-26-70,1.51224351274
40,2016-01-26-70,1.18498505123
41,2016-01-26-70,1.92846982845
42,2016-01-26-70,5.03627171397
43,2016-01-26-70,1.0
44,2016-01-26-70,1.0
45,2016-01-26-70,1.0
46,2016-01-26-70,24.6566945759
47,2016-01-26-70,6.13235255842
48,2016-01-26-70,43.3825929302
49,2016-01-26-70,1.0
50,2016-01-26-70,1.0
51,2016-01-26-70,107.323964919
52,2016-01-26-70,1.0
53,2016-01-26-70,1.04210332527
54,2016-01-26-70,1.0
55,2016-01-26-70,1.0
56,2016-01-26-70,1.0
57,2016-01-26-70,1.0
58,2016-01-26-70,1.0163524412
59,2016-01-26-70,1.0
60,2016-01-26-70,1.0
61,2016-01-26-70,1.0
62,2016-01-26-70,1.0
63,2016-01-26-70,1.0
64,2016-01-26-70,1.0
65,2016-01-26-70,1.0
66,2016-01-26-70,1.0
1,2016-01-26-82,5.11974154726
2,2016-01-26-82,1.0
3,2016-01-26-82,1.0
4,2016-01-26-82,7.61142103002
5,2016-01-26-82,1.07577609435
6,2016-01-26-82,2.02156474446
7,2016-01-26-82,62.8803384301
8,2016-01-26-82,131.167588994
9,2016-01-26-82,3.1469415783
10,2016-01-26-82,1.18391335892
11,2016-01-26-82,1.90086732845
12,2016-01-26-82,3.95611380578
13,2016-01-26-82,1.0
14,2016-01-26-82,52.5436751057
15,2016-01-26-82,1.0
16,2016-01-26-82,1.30862500033
17,2016-01-26-82,1.0
18,2016-01-26-82,1.50431759224
19,2016-01-26-82,2.24356638811
20,2016-01-26-82,5.13439018264
21,2016-01-26-82,1.80179411846
22,2016-01-26-82,13.0352817072
23,2016-01-26-82,124.985638635
24,2016-01-26-82,55.4653547513
25,2016-01-26-82,1.10888749396
26,2016-01-26-82,3.51602977044
27,2016-01-26-82,11.1894787061
28,2016-01-26-82,9.76052087304
29,2016-01-26-82,7.86239959367
30,2016-01-26-82,1.0
31,2016-01-26-82,2.16597659934
32,2016-01-26-82,1.0
33,2016-01-26-82,1.03243586127
34,2016-01-26-82,1.5461211696
35,2016-01-26-82,1.35157421581
36,2016-01-26-82,1.12247565669
37,2016-01-26-82,84.2892380952
38,2016-01-26-82,2.13767570781
39,2016-01-26-82,1.45257285896
40,2016-01-26-82,2.247236867
41,2016-01-26-82,1.32382796301
42,2016-01-26-82,5.56715056194
43,2016-01-26-82,1.0
44,2016-01-26-82,1.0
45,2016-01-26-82,1.0
46,2016-01-26-82,33.0096375661
47,2016-01-26-82,1.80022697687
48,2016-01-26-82,103.843512235
49,2016-01-26-82,1.0
50,2016-01-26-82,1.0
51,2016-01-26-82,196.025109548
52,2016-01-26-82,1.0
53,2016-01-26-82,4.0282429168
54,2016-01-26-82,1.0
55,2016-01-26-82,1.0
56,2016-01-26-82,1.0
57,2016-01-26-82,1.0
58,2016-01-26-82,1.0
59,2016-01-26-82,1.0
60,2016-01-26-82,1.0
61,2016-01-26-82,1.0
62,2016-01-26-82,1.0
63,2016-01-26-82,1.0
64,2016-01-26-82,1.0
65,2016-01-26-82,1.0
66,2016-01-26-82,1.0
1,2016-01-26-94,5.95753215006
2,2016-01-26-94,1.0
3,2016-01-26-94,1.0
4,2016-01-26-94,5.73477034771
5,2016-01-26-94,1.0
6,2016-01-26-94,1.50226297821
7,2016-01-26-94,64.3048969734
8,2016-01-26-94,122.354012978
9,2016-01-26-94,2.63653276029
10,2016-01-26-94,1.0
11,2016-01-26-94,1.40944104558
12,2016-01-26-94,4.19488831798
13,2016-01-26-94,1.0
14,2016-01-26-94,26.3267350841
15,2016-01-26-94,1.0
16,2016-01-26-94,1.00293901836
17,2016-01-26-94,1.0
18,2016-01-26-94,1.26944867297
19,2016-01-26-94,2.19585889228
20,2016-01-26-94,3.8980182885
21,2016-01-26-94,1.6370996639
22,2016-01-26-94,17.7669535899
23,2016-01-26-94,162.335251571
24,2016-01-26-94,8.09792033332
25,2016-01-26-94,1.09912620011
26,2016-01-26-94,4.67415923728
27,2016-01-26-94,9.83386184003
28,2016-01-26-94,5.88356616409
29,2016-01-26-94,2.18204668904
30,2016-01-26-94,1.0
31,2016-01-26-94,1.9434342648
32,2016-01-26-94,1.0
33,2016-01-26-94,1.05326976953
34,2016-01-26-94,1.12322782222
35,2016-01-26-94,1.52322337179
36,2016-01-26-94,1.0
37,2016-01-26-94,25.5022252823
38,2016-01-26-94,1.73373918177
39,2016-01-26-94,1.4544462083
40,2016-01-26-94,1.40612714209
41,2016-01-26-94,1.0
42,2016-01-26-94,3.11944774341
43,2016-01-26-94,1.0
44,2016-01-26-94,1.0
45,2016-01-26-94,1.0
46,2016-01-26-94,5.03488132726
47,2016-01-26-94,1.0
48,2016-01-26-94,123.446674824
49,2016-01-26-94,1.0
50,2016-01-26-94,1.0
51,2016-01-26-94,211.866251632
52,2016-01-26-94,1.0
53,2016-01-26-94,1.25587677542
54,2016-01-26-94,1.0
55,2016-01-26-94,1.0
56,2016-01-26-94,1.0
57,2016-01-26-94,1.0
58,2016-01-26-94,1.0
59,2016-01-26-94,1.0
60,2016-01-26-94,1.0
61,2016-01-26-94,1.19934694291
62,2016-01-26-94,1.0
63,2016-01-26-94,1.77655017042
64,2016-01-26-94,1.0
65,2016-01-26-94,1.0
66,2016-01-26-94,1.0
1,2016-01-26-106,5.56968166633
2,2016-01-26-106,1.23860759694
3,2016-01-26-106,1.0
4,2016-01-26-106,3.15057816544
5,2016-01-26-106,1.0
6,2016-01-26-106,2.25356146243
7,2016-01-26-106,269.443505791
8,2016-01-26-106,98.6858946054
9,2016-01-26-106,1.99601292126
10,2016-01-26-106,1.65073353166
11,2016-01-26-106,2.37133325742
12,2016-01-26-106,25.5426411181
13,2016-01-26-106,1.36386405445
14,2016-01-26-106,33.5592267323
15,2016-01-26-106,1.0
16,2016-01-26-106,1.43361445528
17,2016-01-26-106,1.0
18,2016-01-26-106,1.29731228328
19,2016-01-26-106,2.38032581134
20,2016-01-26-106,6.50677721536
21,2016-01-26-106,2.64310469869
22,2016-01-26-106,23.9357153526
23,2016-01-26-106,202.871054223
24,2016-01-26-106,3.76238902685
25,2016-01-26-106,1.1631102675
26,2016-01-26-106,5.97226657331
27,2016-01-26-106,14.0201847774
28,2016-01-26-106,29.8595917167
29,2016-01-26-106,7.3889920711
30,2016-01-26-106,1.93005919327
31,2016-01-26-106,2.2571938396
32,2016-01-26-106,1.0
33,2016-01-26-106,1.0
34,2016-01-26-106,1.46587617154
35,2016-01-26-106,4.80936266019
36,2016-01-26-106,1.91763069986
37,2016-01-26-106,22.7401027035
38,2016-01-26-106,1.12535550565
39,2016-01-26-106,1.68774071492
40,2016-01-26-106,1.36759244493
41,2016-01-26-106,1.07704662688
42,2016-01-26-106,4.72782415222
43,2016-01-26-106,1.04083024603
44,2016-01-26-106,1.0
45,2016-01-26-106,1.7490463046
46,2016-01-26-106,7.84728987551
47,2016-01-26-106,1.33899291377
48,2016-01-26-106,307.403059419
49,2016-01-26-106,1.0
50,2016-01-26-106,1.0
51,2016-01-26-106,650.599739584
52,2016-01-26-106,1.0
53,2016-01-26-106,1.35785975731
54,2016-01-26-106,1.0
55,2016-01-26-106,1.0
56,2016-01-26-106,1.13057058552
57,2016-01-26-106,1.0
58,2016-01-26-106,1.0
59,2016-01-26-106,1.0
60,2016-01-26-106,1.0
61,2016-01-26-106,1.0
62,2016-01-26-106,1.0
63,2016-01-26-106,1.0
64,2016-01-26-106,1.0
65,2016-01-26-106,1.0
66,2016-01-26-106,1.0
1,2016-01-26-118,6.89613598536
2,2016-01-26-118,1.12605985323
3,2016-01-26-118,1.0
4,2016-01-26-118,2.69233106449
5,2016-01-26-118,1.0
6,2016-01-26-118,1.0
7,2016-01-26-118,80.9413867429
8,2016-01-26-118,26.3222321936
9,2016-01-26-118,1.77406322875
10,2016-01-26-118,1.0
11,2016-01-26-118,1.17843066489
12,2016-01-26-118,3.85635841594
13,2016-01-26-118,1.0
14,2016-01-26-118,4.44137630666
15,2016-01-26-118,1.0
16,2016-01-26-118,1.0
17,2016-01-26-118,1.0
18,2016-01-26-118,1.12006163664
19,2016-01-26-118,2.05067336417
20,2016-01-26-118,3.8932987794
21,2016-01-26-118,2.2705297898
22,2016-01-26-118,18.369864664
23,2016-01-26-118,17.6152147216
24,2016-01-26-118,3.73736957666
25,2016-01-26-118,1.31555466872
26,2016-01-26-118,11.9995774154
27,2016-01-26-118,5.95639569907
28,2016-01-26-118,5.44705754808
29,2016-01-26-118,2.48270310946
30,2016-01-26-118,1.0
31,2016-01-26-118,1.85054340127
32,2016-01-26-118,1.0
33,2016-01-26-118,1.0
34,2016-01-26-118,1.04724759233
35,2016-01-26-118,3.6815407483
36,2016-01-26-118,1.0
37,2016-01-26-118,6.72320932279
38,2016-01-26-118,1.01919149208
39,2016-01-26-118,1.99845905728
40,2016-01-26-118,1.66634022762
41,2016-01-26-118,1.0
42,2016-01-26-118,2.77159279891
43,2016-01-26-118,1.0
44,2016-01-26-118,1.0
45,2016-01-26-118,1.0
46,2016-01-26-118,4.68420634194
47,2016-01-26-118,2.25757398848
48,2016-01-26-118,8.47972242293
49,2016-01-26-118,1.0
50,2016-01-26-118,1.0
51,2016-01-26-118,41.826003342
52,2016-01-26-118,1.0
53,2016-01-26-118,1.36144811476
54,2016-01-26-118,1.0
55,2016-01-26-118,1.0
56,2016-01-26-118,1.0
57,2016-01-26-118,1.0
58,2016-01-26-118,1.0
59,2016-01-26-118,1.0
60,2016-01-26-118,1.0
61,2016-01-26-118,1.0
62,2016-01-26-118,1.0
63,2016-01-26-118,1.0
64,2016-01-26-118,1.0
65,2016-01-26-118,1.0
66,2016-01-26-118,1.0
1,2016-01-26-130,5.3113625843
2,2016-01-26-130,1.0
3,2016-01-26-130,1.0
4,2016-01-26-130,11.258789341
5,2016-01-26-130,1.0
6,2016-01-26-130,1.0
7,2016-01-26-130,77.3235059755
8,2016-01-26-130,137.318499972
9,2016-01-26-130,1.7795472661
10,2016-01-26-130,1.20332981446
11,2016-01-26-130,1.18912621092
12,2016-01-26-130,5.91070767377
13,2016-01-26-130,1.0
14,2016-01-26-130,4.83780841827
15,2016-01-26-130,1.0
16,2016-01-26-130,1.09739027768
17,2016-01-26-130,1.0
18,2016-01-26-130,1.0
19,2016-01-26-130,1.95549430704
20,2016-01-26-130,5.72298996977
21,2016-01-26-130,2.33835917997
22,2016-01-26-130,14.9264790489
23,2016-01-26-130,71.9412150257
24,2016-01-26-130,3.592520822
25,2016-01-26-130,1.21252142005
26,2016-01-26-130,30.9744270194
27,2016-01-26-130,10.7836059353
28,2016-01-26-130,31.2304306342
29,2016-01-26-130,1.64739769631
30,2016-01-26-130,1.0
31,2016-01-26-130,2.22529656015
32,2016-01-26-130,1.0
33,2016-01-26-130,1.0
34,2016-01-26-130,1.6063391309
35,2016-01-26-130,2.51342064704
36,2016-01-26-130,1.0
37,2016-01-26-130,17.3050839174
38,2016-01-26-130,1.18628853926
39,2016-01-26-130,1.63864185563
40,2016-01-26-130,1.32531270537
41,2016-01-26-130,1.0
42,2016-01-26-130,2.85780992307
43,2016-01-26-130,1.0
44,2016-01-26-130,1.0
45,2016-01-26-130,1.0
46,2016-01-26-130,5.74478829173
47,2016-01-26-130,1.0
48,2016-01-26-130,72.5645743449
49,2016-01-26-130,1.0
50,2016-01-26-130,1.0
51,2016-01-26-130,585.738082862
52,2016-01-26-130,1.0
53,2016-01-26-130,1.0
54,2016-01-26-130,1.0
55,2016-01-26-130,1.0
56,2016-01-26-130,1.0
57,2016-01-26-130,1.0
58,2016-01-26-130,1.0
59,2016-01-26-130,1.0
60,2016-01-26-130,1.0
61,2016-01-26-130,1.0
62,2016-01-26-130,1.05752756159
63,2016-01-26-130,1.0
64,2016-01-26-130,1.0
65,2016-01-26-130,1.0
66,2016-01-26-130,1.0
1,2016-01-26-142,3.39411764282
2,2016-01-26-142,1.0
3,2016-01-26-142,1.0
4,2016-01-26-142,1.57715265622
5,2016-01-26-142,1.0
6,2016-01-26-142,1.0
7,2016-01-26-142,4.94788458826
8,2016-01-26-142,5.76175506225
9,2016-01-26-142,1.50475827903
10,2016-01-26-142,1.0
11,2016-01-26-142,1.0
12,2016-01-26-142,4.68344029252
13,2016-01-26-142,1.0
14,2016-01-26-142,2.20519736192
15,2016-01-26-142,1.0
16,2016-01-26-142,1.0
17,2016-01-26-142,1.0
18,2016-01-26-142,1.14867606263
19,2016-01-26-142,1.56283981848
20,2016-01-26-142,1.70239954905
21,2016-01-26-142,1.20579342834
22,2016-01-26-142,8.91127211884
23,2016-01-26-142,14.4272440649
24,2016-01-26-142,2.30349003855
25,2016-01-26-142,1.12281014389
26,2016-01-26-142,1.45352065263
27,2016-01-26-142,6.34041973168
28,2016-01-26-142,4.96426336112
29,2016-01-26-142,1.28812436979
30,2016-01-26-142,1.0
31,2016-01-26-142,1.3725645702
32,2016-01-26-142,1.0
33,2016-01-26-142,1.0
34,2016-01-26-142,1.0
35,2016-01-26-142,1.0
36,2016-01-26-142,1.0
37,2016-01-26-142,2.71827587762
38,2016-01-26-142,1.23144496028
39,2016-01-26-142,1.67459311549
40,2016-01-26-142,1.15697144339
41,2016-01-26-142,1.0
42,2016-01-26-142,2.21357618949
43,2016-01-26-142,1.0
44,2016-01-26-142,1.0
45,2016-01-26-142,1.0
46,2016-01-26-142,2.61493945583
47,2016-01-26-142,1.0
48,2016-01-26-142,13.5480876106
49,2016-01-26-142,1.0
50,2016-01-26-142,1.0
51,2016-01-26-142,69.4406243664
52,2016-01-26-142,1.0
53,2016-01-26-142,1.0
54,2016-01-26-142,1.0
55,2016-01-26-142,1.0
56,2016-01-26-142,1.0
57,2016-01-26-142,1.0
58,2016-01-26-142,1.0
59,2016-01-26-142,1.0
60,2016-01-26-142,1.0
61,2016-01-26-142,1.0
62,2016-01-26-142,1.0
63,2016-01-26-142,1.0
64,2016-01-26-142,1.0
65,2016-01-26-142,1.0
66,2016-01-26-142,1.0
1,2016-01-28-58,4.86271507628
2,2016-01-28-58,1.0
3,2016-01-28-58,1.01223364166
4,2016-01-28-58,82.5627388167
5,2016-01-28-58,1.18979417207
6,2016-01-28-58,25.7505876669
7,2016-01-28-58,37.2875767751
8,2016-01-28-58,216.888275752
9,2016-01-28-58,3.87226749905
10,2016-01-28-58,1.42394691856
11,2016-01-28-58,3.07185599203
12,2016-01-28-58,4.73272861467
13,2016-01-28-58,1.0
14,2016-01-28-58,26.2954402717
15,2016-01-28-58,1.0
16,2016-01-28-58,4.77402941046
17,2016-01-28-58,1.0
18,2016-01-28-58,1.84949188149
19,2016-01-28-58,2.62674304123
20,2016-01-28-58,4.03922045521
21,2016-01-28-58,3.84964659727
22,2016-01-28-58,11.9746193272
23,2016-01-28-58,191.700724633
24,2016-01-28-58,89.1150749212
25,2016-01-28-58,28.2074373922
26,2016-01-28-58,25.013778303
27,2016-01-28-58,10.431736684
28,2016-01-28-58,13.3877746328
29,2016-01-28-58,4.5085622912
30,2016-01-28-58,1.05729161319
31,2016-01-28-58,2.75269509277
32,2016-01-28-58,1.0
33,2016-01-28-58,1.0
34,2016-01-28-58,1.49441428837
35,2016-01-28-58,2.52785983522
36,2016-01-28-58,1.21727279572
37,2016-01-28-58,210.862144078
38,2016-01-28-58,4.13736772275
39,2016-01-28-58,1.2604445656
40,2016-01-28-58,2.23884376808
41,2016-01-28-58,2.53269109966
42,2016-01-28-58,6.08560095807
43,2016-01-28-58,1.0
44,2016-01-28-58,1.0
45,2016-01-28-58,1.0
46,2016-01-28-58,93.1905582011
47,2016-01-28-58,1.12666147838
48,2016-01-28-58,9.20062242544
49,2016-01-28-58,1.0138430285
50,2016-01-28-58,1.16146178792
51,2016-01-28-58,70.7088056388
52,2016-01-28-58,1.0
53,2016-01-28-58,14.9220542863
54,2016-01-28-58,1.0
55,2016-01-28-58,1.0
56,2016-01-28-58,1.0
57,2016-01-28-58,1.0
58,2016-01-28-58,1.30691843421
59,2016-01-28-58,1.0
60,2016-01-28-58,1.0
61,2016-01-28-58,1.0
62,2016-01-28-58,1.0
63,2016-01-28-58,1.0
64,2016-01-28-58,1.0
65,2016-01-28-58,1.0
66,2016-01-28-58,1.0
1,2016-01-28-70,4.50073145186
2,2016-01-28-70,1.0
3,2016-01-28-70,1.0
4,2016-01-28-70,3.27316509279
5,2016-01-28-70,1.0
6,2016-01-28-70,2.77881233345
7,2016-01-28-70,16.4414150087
8,2016-01-28-70,95.720543105
9,2016-01-28-70,2.43265164277
10,2016-01-28-70,1.50210526392
11,2016-01-28-70,1.26839353264
12,2016-01-28-70,4.15566448076
13,2016-01-28-70,1.0
14,2016-01-28-70,9.99844636193
15,2016-01-28-70,1.0
16,2016-01-28-70,2.35311174021
17,2016-01-28-70,1.0
18,2016-01-28-70,1.18823907691
19,2016-01-28-70,2.31888965587
20,2016-01-28-70,2.98192728214
21,2016-01-28-70,2.57031429304
22,2016-01-28-70,14.7992027715
23,2016-01-28-70,140.454973406
24,2016-01-28-70,10.4362616375
25,2016-01-28-70,1.10657244978
26,2016-01-28-70,4.18945038333
27,2016-01-28-70,9.0524213039
28,2016-01-28-70,6.27454765756
29,2016-01-28-70,5.87335552312
30,2016-01-28-70,1.0
31,2016-01-28-70,2.3929807416
32,2016-01-28-70,1.0
33,2016-01-28-70,1.15047751277
34,2016-01-28-70,1.16115101098
35,2016-01-28-70,2.03635984579
36,2016-01-28-70,1.0
37,2016-01-28-70,16.8163778521
38,2016-01-28-70,2.08061977609
39,2016-01-28-70,1.5498716388
40,2016-01-28-70,1.32932117956
41,2016-01-28-70,2.09495726229
42,2016-01-28-70,3.83566703009
43,2016-01-28-70,1.0
44,2016-01-28-70,1.0
45,2016-01-28-70,1.0
46,2016-01-28-70,10.4767799753
47,2016-01-28-70,6.26699689353
48,2016-01-28-70,11.8870226881
49,2016-01-28-70,1.0
50,2016-01-28-70,1.0
51,2016-01-28-70,158.311154327
52,2016-01-28-70,1.0
53,2016-01-28-70,1.0
54,2016-01-28-70,1.0
55,2016-01-28-70,1.0
56,2016-01-28-70,1.0
57,2016-01-28-70,1.0
58,2016-01-28-70,1.21142795685
59,2016-01-28-70,1.0
60,2016-01-28-70,1.0
61,2016-01-28-70,1.0
62,2016-01-28-70,1.0
63,2016-01-28-70,1.0
64,2016-01-28-70,1.0
65,2016-01-28-70,1.0
66,2016-01-28-70,1.0
1,2016-01-28-82,3.97768093507
2,2016-01-28-82,1.0
3,2016-01-28-82,1.0
4,2016-01-28-82,5.79494237544
5,2016-01-28-82,1.0
6,2016-01-28-82,6.00018247563
7,2016-01-28-82,30.9993924409
8,2016-01-28-82,84.7429520572
9,2016-01-28-82,2.36426184112
10,2016-01-28-82,1.0
11,2016-01-28-82,1.37848948855
12,2016-01-28-82,3.85979846599
13,2016-01-28-82,1.17775147272
14,2016-01-28-82,6.31878974909
15,2016-01-28-82,1.0
16,2016-01-28-82,3.3060594493
17,2016-01-28-82,1.0
18,2016-01-28-82,1.62305344679
19,2016-01-28-82,1.8871284373
20,2016-01-28-82,4.25135204007
21,2016-01-28-82,1.8992236371
22,2016-01-28-82,10.4724392916
23,2016-01-28-82,42.0931742695
24,2016-01-28-82,47.4188284012
25,2016-01-28-82,1.09912620011
26,2016-01-28-82,5.75493202613
27,2016-01-28-82,10.0097603048
28,2016-01-28-82,6.33632316758
29,2016-01-28-82,5.28344644158
30,2016-01-28-82,1.0
31,2016-01-28-82,2.10345325346
32,2016-01-28-82,1.0
33,2016-01-28-82,1.0
34,2016-01-28-82,1.46904925193
35,2016-01-28-82,2.28254541625
36,2016-01-28-82,1.0
37,2016-01-28-82,42.1785963172
38,2016-01-28-82,1.53167270162
39,2016-01-28-82,1.49645063676
40,2016-01-28-82,1.95705384622
41,2016-01-28-82,1.56598782228
42,2016-01-28-82,3.96914121049
43,2016-01-28-82,1.0
44,2016-01-28-82,1.0
45,2016-01-28-82,1.0
46,2016-01-28-82,11.1841280954
47,2016-01-28-82,4.76285956583
48,2016-01-28-82,19.7239883389
49,2016-01-28-82,1.0
50,2016-01-28-82,1.77088842115
51,2016-01-28-82,53.3857760714
52,2016-01-28-82,1.0
53,2016-01-28-82,3.96813610891
54,2016-01-28-82,1.0
55,2016-01-28-82,1.0
56,2016-01-28-82,1.0
57,2016-01-28-82,1.0
58,2016-01-28-82,1.11476365284
59,2016-01-28-82,1.0
60,2016-01-28-82,1.0
61,2016-01-28-82,1.0
62,2016-01-28-82,1.0
63,2016-01-28-82,1.0
64,2016-01-28-82,1.0
65,2016-01-28-82,1.0
66,2016-01-28-82,1.0
1,2016-01-28-94,4.74866626271
2,2016-01-28-94,1.00552150477
3,2016-01-28-94,1.0
4,2016-01-28-94,6.47395929375
5,2016-01-28-94,1.0
6,2016-01-28-94,1.33614861046
7,2016-01-28-94,70.5933609354
8,2016-01-28-94,122.581788307
9,2016-01-28-94,1.93665516598
10,2016-01-28-94,1.0
11,2016-01-28-94,1.18095304253
12,2016-01-28-94,3.94969276705
13,2016-01-28-94,1.0
14,2016-01-28-94,21.3994119708
15,2016-01-28-94,1.0
16,2016-01-28-94,1.10416176361
17,2016-01-28-94,1.0
18,2016-01-28-94,1.05626312778
19,2016-01-28-94,1.5527798419
20,2016-01-28-94,2.52316999699
21,2016-01-28-94,2.22204587001
22,2016-01-28-94,17.0003397209
23,2016-01-28-94,171.984765762
24,2016-01-28-94,12.9804143251
25,2016-01-28-94,1.09772189442
26,2016-01-28-94,3.21629342528
27,2016-01-28-94,10.9326307471
28,2016-01-28-94,10.6321925345
29,2016-01-28-94,2.46485892235
30,2016-01-28-94,1.0
31,2016-01-28-94,1.58422836485
32,2016-01-28-94,1.0
33,2016-01-28-94,1.0
34,2016-01-28-94,1.1261359778
35,2016-01-28-94,1.42498500664
36,2016-01-28-94,1.0
37,2016-01-28-94,47.2659114178
38,2016-01-28-94,2.29617903596
39,2016-01-28-94,1.42415026055
40,2016-01-28-94,1.77912568345
41,2016-01-28-94,1.044229946
42,2016-01-28-94,3.48323578134
43,2016-01-28-94,1.0
44,2016-01-28-94,1.0
45,2016-01-28-94,1.0
46,2016-01-28-94,6.82774415346
47,2016-01-28-94,1.26059437122
48,2016-01-28-94,109.601895718
49,2016-01-28-94,1.0
50,2016-01-28-94,1.0
51,2016-01-28-94,375.315324472
52,2016-01-28-94,1.0
53,2016-01-28-94,2.30693707996
54,2016-01-28-94,1.17557316738
55,2016-01-28-94,1.0
56,2016-01-28-94,1.0
57,2016-01-28-94,1.0
58,2016-01-28-94,1.0
59,2016-01-28-94,1.0
60,2016-01-28-94,1.0
61,2016-01-28-94,1.0
62,2016-01-28-94,1.0
63,2016-01-28-94,1.0
64,2016-01-28-94,1.0
65,2016-01-28-94,1.0
66,2016-01-28-94,1.0
1,2016-01-28-106,5.8004010936
2,2016-01-28-106,1.27012336471
3,2016-01-28-106,1.0
4,2016-01-28-106,2.99630961882
5,2016-01-28-106,1.0
6,2016-01-28-106,1.8670140265
7,2016-01-28-106,155.959106986
8,2016-01-28-106,104.694860047
9,2016-01-28-106,2.44512852108
10,2016-01-28-106,1.0
11,2016-01-28-106,3.79087450044
12,2016-01-28-106,8.74249102749
13,2016-01-28-106,1.22716789442
14,2016-01-28-106,37.6094142009
15,2016-01-28-106,1.0
16,2016-01-28-106,1.27552342731
17,2016-01-28-106,1.0
18,2016-01-28-106,1.3345102396
19,2016-01-28-106,2.52096024873
20,2016-01-28-106,6.93879369384
21,2016-01-28-106,2.84559616818
22,2016-01-28-106,27.9952828456
23,2016-01-28-106,194.361228723
24,2016-01-28-106,8.97489794368
25,2016-01-28-106,1.78014359224
26,2016-01-28-106,3.28630345067
27,2016-01-28-106,16.4849470726
28,2016-01-28-106,18.2687454339
29,2016-01-28-106,2.0913896194
30,2016-01-28-106,1.0
31,2016-01-28-106,2.15507876468
32,2016-01-28-106,1.0
33,2016-01-28-106,1.0
34,2016-01-28-106,1.26739482672
35,2016-01-28-106,3.92516634213
36,2016-01-28-106,2.80644161289
37,2016-01-28-106,47.2263253968
38,2016-01-28-106,1.70885044604
39,2016-01-28-106,1.56873297333
40,2016-01-28-106,1.36221197603
41,2016-01-28-106,1.18358202679
42,2016-01-28-106,4.25755588004
43,2016-01-28-106,1.0
44,2016-01-28-106,1.0
45,2016-01-28-106,1.53726900135
46,2016-01-28-106,13.128208522
47,2016-01-28-106,1.15923740447
48,2016-01-28-106,235.699287819
49,2016-01-28-106,1.0
50,2016-01-28-106,1.0
51,2016-01-28-106,634.71576957
52,2016-01-28-106,1.0
53,2016-01-28-106,1.32741419444
54,2016-01-28-106,1.03081115632
55,2016-01-28-106,1.0
56,2016-01-28-106,1.0
57,2016-01-28-106,1.0
58,2016-01-28-106,1.0
59,2016-01-28-106,1.0
60,2016-01-28-106,1.0
61,2016-01-28-106,1.0
62,2016-01-28-106,1.0
63,2016-01-28-106,1.0
64,2016-01-28-106,1.0
65,2016-01-28-106,1.0
66,2016-01-28-106,1.09068295853
1,2016-01-28-118,6.23636552539
2,2016-01-28-118,1.13067011313
3,2016-01-28-118,1.0
4,2016-01-28-118,3.21017788105
5,2016-01-28-118,1.0
6,2016-01-28-118,1.0
7,2016-01-28-118,104.431549676
8,2016-01-28-118,126.027417579
9,2016-01-28-118,1.69786557149
10,2016-01-28-118,1.0
11,2016-01-28-118,1.66175537692
12,2016-01-28-118,3.73636821812
13,2016-01-28-118,1.06232897191
14,2016-01-28-118,5.98993321551
15,2016-01-28-118,1.0
16,2016-01-28-118,1.0
17,2016-01-28-118,1.0
18,2016-01-28-118,1.11228245512
19,2016-01-28-118,2.50824657442
20,2016-01-28-118,4.08501330293
21,2016-01-28-118,2.40423957948
22,2016-01-28-118,13.9682148095
23,2016-01-28-118,39.8610561476
24,2016-01-28-118,3.37558343298
25,2016-01-28-118,1.25406100571
26,2016-01-28-118,20.9901485514
27,2016-01-28-118,10.4823532224
28,2016-01-28-118,7.17607894636
29,2016-01-28-118,2.17671428661
30,2016-01-28-118,1.0
31,2016-01-28-118,1.51250657345
32,2016-01-28-118,1.0
33,2016-01-28-118,1.0
34,2016-01-28-118,1.26906002588
35,2016-01-28-118,5.28454589203
36,2016-01-28-118,1.0
37,2016-01-28-118,8.83155783903
38,2016-01-28-118,1.0
39,2016-01-28-118,1.23998843613
40,2016-01-28-118,1.35630543475
41,2016-01-28-118,1.0
42,2016-01-28-118,3.7629602618
43,2016-01-28-118,1.0
44,2016-01-28-118,1.0
45,2016-01-28-118,1.0
46,2016-01-28-118,3.86050707419
47,2016-01-28-118,1.0
48,2016-01-28-118,34.993247771
49,2016-01-28-118,1.0
50,2016-01-28-118,1.0
51,2016-01-28-118,153.699083028
52,2016-01-28-118,1.0
53,2016-01-28-118,1.82380592229
54,2016-01-28-118,1.0
55,2016-01-28-118,1.0
56,2016-01-28-118,1.0
57,2016-01-28-118,1.0
58,2016-01-28-118,1.0
59,2016-01-28-118,1.0
60,2016-01-28-118,1.0
61,2016-01-28-118,1.0
62,2016-01-28-118,1.0
63,2016-01-28-118,1.0
64,2016-01-28-118,1.0
65,2016-01-28-118,1.0
66,2016-01-28-118,1.0
1,2016-01-28-130,6.89089407892
2,2016-01-28-130,1.0
3,2016-01-28-130,1.0
4,2016-01-28-130,32.8847128427
5,2016-01-28-130,1.0
6,2016-01-28-130,1.0
7,2016-01-28-130,90.7011487358
8,2016-01-28-130,183.83916201
9,2016-01-28-130,1.92535506058
10,2016-01-28-130,1.10458576019
11,2016-01-28-130,1.26548447316
12,2016-01-28-130,4.73684554005
13,2016-01-28-130,1.0
14,2016-01-28-130,22.5018919671
15,2016-01-28-130,1.0
16,2016-01-28-130,1.33061087078
17,2016-01-28-130,1.0
18,2016-01-28-130,1.08622503863
19,2016-01-28-130,4.7402986748
20,2016-01-28-130,13.0946535681
21,2016-01-28-130,2.48464832954
22,2016-01-28-130,14.4642387389
23,2016-01-28-130,97.5059494782
24,2016-01-28-130,3.44104927068
25,2016-01-28-130,1.15101071641
26,2016-01-28-130,3.83975318688
27,2016-01-28-130,8.80445770119
28,2016-01-28-130,163.241894272
29,2016-01-28-130,1.2823534855
30,2016-01-28-130,1.14835119632
31,2016-01-28-130,1.52400873304
32,2016-01-28-130,1.0
33,2016-01-28-130,1.0
34,2016-01-28-130,1.10922902788
35,2016-01-28-130,2.92667364886
36,2016-01-28-130,1.0
37,2016-01-28-130,19.6432255723
38,2016-01-28-130,1.071621838
39,2016-01-28-130,2.21961821646
40,2016-01-28-130,1.34006111639
41,2016-01-28-130,1.0
42,2016-01-28-130,2.71872902619
43,2016-01-28-130,1.0
44,2016-01-28-130,1.0
45,2016-01-28-130,1.0
46,2016-01-28-130,5.85016077341
47,2016-01-28-130,1.0
48,2016-01-28-130,91.4618030811
49,2016-01-28-130,1.0
50,2016-01-28-130,1.0
51,2016-01-28-130,475.184240482
52,2016-01-28-130,1.0
53,2016-01-28-130,1.0
54,2016-01-28-130,1.0
55,2016-01-28-130,1.0
56,2016-01-28-130,1.0
57,2016-01-28-130,1.0
58,2016-01-28-130,1.05313264277
59,2016-01-28-130,1.0
60,2016-01-28-130,1.0
61,2016-01-28-130,1.0
62,2016-01-28-130,1.0
63,2016-01-28-130,1.0
64,2016-01-28-130,1.0
65,2016-01-28-130,1.0
66,2016-01-28-130,1.0
1,2016-01-28-142,3.99249396786
2,2016-01-28-142,1.0
3,2016-01-28-142,1.0
4,2016-01-28-142,2.65788009839
5,2016-01-28-142,1.0
6,2016-01-28-142,1.0
7,2016-01-28-142,8.44406627859
8,2016-01-28-142,9.72270141461
9,2016-01-28-142,1.48239032931
10,2016-01-28-142,1.0
11,2016-01-28-142,1.0
12,2016-01-28-142,3.99722399134
13,2016-01-28-142,1.0
14,2016-01-28-142,2.33052772889
15,2016-01-28-142,1.0
16,2016-01-28-142,1.52946397369
17,2016-01-28-142,1.0
18,2016-01-28-142,1.0
19,2016-01-28-142,1.58820070444
20,2016-01-28-142,2.29681726784
21,2016-01-28-142,1.0
22,2016-01-28-142,7.67277172711
23,2016-01-28-142,10.0221110206
24,2016-01-28-142,2.40250000749
25,2016-01-28-142,1.0929107245
26,2016-01-28-142,1.25641759665
27,2016-01-28-142,6.84105454691
28,2016-01-28-142,4.49089171417
29,2016-01-28-142,1.25391647969
30,2016-01-28-142,1.0
31,2016-01-28-142,1.3817801924
32,2016-01-28-142,1.0
33,2016-01-28-142,1.0
34,2016-01-28-142,1.0
35,2016-01-28-142,1.0
36,2016-01-28-142,1.0
37,2016-01-28-142,3.0415617012
38,2016-01-28-142,1.04006996362
39,2016-01-28-142,1.68345248724
40,2016-01-28-142,1.34564719529
41,2016-01-28-142,1.0
42,2016-01-28-142,2.17414673136
43,2016-01-28-142,1.0
44,2016-01-28-142,1.0
45,2016-01-28-142,1.0
46,2016-01-28-142,3.0486430036
47,2016-01-28-142,1.0
48,2016-01-28-142,9.7875190282
49,2016-01-28-142,1.0
50,2016-01-28-142,1.0
51,2016-01-28-142,139.218297221
52,2016-01-28-142,1.0
53,2016-01-28-142,1.0
54,2016-01-28-142,1.0
55,2016-01-28-142,1.0
56,2016-01-28-142,1.0
57,2016-01-28-142,1.0
58,2016-01-28-142,1.0
59,2016-01-28-142,1.0
60,2016-01-28-142,1.0
61,2016-01-28-142,1.0
62,2016-01-28-142,1.0
63,2016-01-28-142,1.0
64,2016-01-28-142,1.0
65,2016-01-28-142,1.0
66,2016-01-28-142,1.0
1,2016-01-30-46,6.57046194781
2,2016-01-30-46,1.0
3,2016-01-30-46,1.0
4,2016-01-30-46,3.29838869194
5,2016-01-30-46,1.0
6,2016-01-30-46,2.26097103944
7,2016-01-30-46,11.6190014335
8,2016-01-30-46,20.0263433457
9,2016-01-30-46,1.69572253205
10,2016-01-30-46,1.0
11,2016-01-30-46,1.48795390139
12,2016-01-30-46,3.27330113827
13,2016-01-30-46,1.0
14,2016-01-30-46,18.4387405218
15,2016-01-30-46,1.0
16,2016-01-30-46,1.0
17,2016-01-30-46,1.0
18,2016-01-30-46,1.40186232545
19,2016-01-30-46,1.50080977633
20,2016-01-30-46,2.96655282201
21,2016-01-30-46,2.88113444989
22,2016-01-30-46,4.66792146357
23,2016-01-30-46,35.8379555153
24,2016-01-30-46,12.088992794
25,2016-01-30-46,1.09762808467
26,2016-01-30-46,6.50246791806
27,2016-01-30-46,10.6566950176
28,2016-01-30-46,6.38605147012
29,2016-01-30-46,4.63850088101
30,2016-01-30-46,1.0
31,2016-01-30-46,1.73005738184
32,2016-01-30-46,1.0
33,2016-01-30-46,1.0
34,2016-01-30-46,1.0
35,2016-01-30-46,1.06248128936
36,2016-01-30-46,1.06549109921
37,2016-01-30-46,26.1235386232
38,2016-01-30-46,2.2084981302
39,2016-01-30-46,1.0
40,2016-01-30-46,1.0
41,2016-01-30-46,1.14540360538
42,2016-01-30-46,3.14055354213
43,2016-01-30-46,1.0
44,2016-01-30-46,1.0
45,2016-01-30-46,1.0
46,2016-01-30-46,22.8397965578
47,2016-01-30-46,1.96581197066
48,2016-01-30-46,9.96794339331
49,2016-01-30-46,1.0
50,2016-01-30-46,1.0
51,2016-01-30-46,26.5896226196
52,2016-01-30-46,1.0
53,2016-01-30-46,1.54852850376
54,2016-01-30-46,1.0
55,2016-01-30-46,1.0
56,2016-01-30-46,1.0
57,2016-01-30-46,1.0
58,2016-01-30-46,1.0
59,2016-01-30-46,1.28868350612
60,2016-01-30-46,1.0
61,2016-01-30-46,1.0
62,2016-01-30-46,1.0
63,2016-01-30-46,1.0
64,2016-01-30-46,1.0
65,2016-01-30-46,1.0
66,2016-01-30-46,1.0
1,2016-01-30-58,5.8029272403
2,2016-01-30-58,1.0
3,2016-01-30-58,1.0
4,2016-01-30-58,5.88759155997
5,2016-01-30-58,1.10230327013
6,2016-01-30-58,2.89221760447
7,2016-01-30-58,10.286587237
8,2016-01-30-58,51.9087191327
9,2016-01-30-58,1.79919127841
10,2016-01-30-58,1.18289157323
11,2016-01-30-58,1.67444536109
12,2016-01-30-58,2.60952529214
13,2016-01-30-58,1.03666710637
14,2016-01-30-58,14.100669152
15,2016-01-30-58,1.0
16,2016-01-30-58,2.11417668761
17,2016-01-30-58,1.01260727719
18,2016-01-30-58,1.57884334205
19,2016-01-30-58,2.19549300782
20,2016-01-30-58,4.37277176552
21,2016-01-30-58,2.21665440717
22,2016-01-30-58,11.1349005125
23,2016-01-30-58,70.4328091365
24,2016-01-30-58,19.4067906329
25,2016-01-30-58,1.09188257049
26,2016-01-30-58,11.3712713326
27,2016-01-30-58,9.40084076252
28,2016-01-30-58,5.75138512162
29,2016-01-30-58,3.01274590897
30,2016-01-30-58,1.0
31,2016-01-30-58,2.46788212003
32,2016-01-30-58,1.0
33,2016-01-30-58,1.0
34,2016-01-30-58,1.20534832739
35,2016-01-30-58,2.29915967007
36,2016-01-30-58,1.27813044392
37,2016-01-30-58,28.4238379364
38,2016-01-30-58,5.10032756551
39,2016-01-30-58,1.23557442033
40,2016-01-30-58,2.07512742347
41,2016-01-30-58,1.87434653064
42,2016-01-30-58,3.16716676125
43,2016-01-30-58,1.0
44,2016-01-30-58,1.0
45,2016-01-30-58,1.00743338436
46,2016-01-30-58,102.51368254
47,2016-01-30-58,7.27031093032
48,2016-01-30-58,5.34049117457
49,2016-01-30-58,1.0
50,2016-01-30-58,1.0
51,2016-01-30-58,9.58557260416
52,2016-01-30-58,1.0
53,2016-01-30-58,1.39355441663
54,2016-01-30-58,1.0
55,2016-01-30-58,1.0
56,2016-01-30-58,1.0
57,2016-01-30-58,1.0
58,2016-01-30-58,1.0
59,2016-01-30-58,1.0
60,2016-01-30-58,1.0
61,2016-01-30-58,1.0
62,2016-01-30-58,1.2393041403
63,2016-01-30-58,1.0
64,2016-01-30-58,1.0
65,2016-01-30-58,1.0
66,2016-01-30-58,1.0
1,2016-01-30-70,3.28923605707
2,2016-01-30-70,1.0
3,2016-01-30-70,1.0
4,2016-01-30-70,6.55468978423
5,2016-01-30-70,1.0
6,2016-01-30-70,2.1058922931
7,2016-01-30-70,30.5851324405
8,2016-01-30-70,170.132464313
9,2016-01-30-70,1.91233765117
10,2016-01-30-70,2.52039368084
11,2016-01-30-70,1.2750208292
12,2016-01-30-70,3.67139115849
13,2016-01-30-70,1.0
14,2016-01-30-70,15.671357063
15,2016-01-30-70,1.0
16,2016-01-30-70,1.12310990299
17,2016-01-30-70,1.0
18,2016-01-30-70,1.46629469365
19,2016-01-30-70,1.88150907304
20,2016-01-30-70,11.6968218544
21,2016-01-30-70,1.79118331676
22,2016-01-30-70,14.0127112256
23,2016-01-30-70,147.364234475
24,2016-01-30-70,57.3904438714
25,2016-01-30-70,1.26127909203
26,2016-01-30-70,14.5718963447
27,2016-01-30-70,11.4477676242
28,2016-01-30-70,8.8318320039
29,2016-01-30-70,10.0662738908
30,2016-01-30-70,1.0
31,2016-01-30-70,2.664333564
32,2016-01-30-70,1.0
33,2016-01-30-70,1.0
34,2016-01-30-70,1.11982210892
35,2016-01-30-70,1.62285248576
36,2016-01-30-70,1.0
37,2016-01-30-70,125.834565249
38,2016-01-30-70,2.29018104838
39,2016-01-30-70,1.86427890165
40,2016-01-30-70,1.56100209697
41,2016-01-30-70,1.21007620459
42,2016-01-30-70,4.80897641679
43,2016-01-30-70,1.07209918367
44,2016-01-30-70,1.0
45,2016-01-30-70,1.0
46,2016-01-30-70,97.4179747475
47,2016-01-30-70,4.16926709065
48,2016-01-30-70,10.2822449443
49,2016-01-30-70,1.0
50,2016-01-30-70,1.0
51,2016-01-30-70,23.1827454972
52,2016-01-30-70,1.0
53,2016-01-30-70,1.19201882424
54,2016-01-30-70,1.0
55,2016-01-30-70,1.0
56,2016-01-30-70,1.0
57,2016-01-30-70,1.0
58,2016-01-30-70,1.0
59,2016-01-30-70,1.0
60,2016-01-30-70,1.0
61,2016-01-30-70,1.0
62,2016-01-30-70,1.0
63,2016-01-30-70,1.0
64,2016-01-30-70,1.0
65,2016-01-30-70,1.0
66,2016-01-30-70,1.0
1,2016-01-30-82,4.44342882346
2,2016-01-30-82,1.06646456363
3,2016-01-30-82,1.0
4,2016-01-30-82,5.74643073893
5,2016-01-30-82,1.05184127312
6,2016-01-30-82,3.27636582378
7,2016-01-30-82,69.283544992
8,2016-01-30-82,220.780288026
9,2016-01-30-82,1.80343778408
10,2016-01-30-82,1.93538636417
11,2016-01-30-82,1.51208588268
12,2016-01-30-82,3.23182406966
13,2016-01-30-82,1.0
14,2016-01-30-82,52.7966529631
15,2016-01-30-82,1.0
16,2016-01-30-82,1.90532599106
17,2016-01-30-82,1.0
18,2016-01-30-82,1.39289152813
19,2016-01-30-82,2.37731079778
20,2016-01-30-82,24.9218867314
21,2016-01-30-82,2.47711302779
22,2016-01-30-82,15.2660721244
23,2016-01-30-82,203.876856269
24,2016-01-30-82,52.6254511109
25,2016-01-30-82,1.66516185965
26,2016-01-30-82,32.4426879571
27,2016-01-30-82,9.26394936096
28,2016-01-30-82,14.1350542789
29,2016-01-30-82,5.43090147482
30,2016-01-30-82,1.0
31,2016-01-30-82,2.52086687544
32,2016-01-30-82,1.0
33,2016-01-30-82,1.0
34,2016-01-30-82,1.4889168815
35,2016-01-30-82,2.32879543742
36,2016-01-30-82,1.19271533577
37,2016-01-30-82,167.621813085
38,2016-01-30-82,2.04030055567
39,2016-01-30-82,1.05746074542
40,2016-01-30-82,1.77415452602
41,2016-01-30-82,1.32852811744
42,2016-01-30-82,5.66525884294
43,2016-01-30-82,1.0
44,2016-01-30-82,1.0
45,2016-01-30-82,1.0
46,2016-01-30-82,92.2131904762
47,2016-01-30-82,2.38454420513
48,2016-01-30-82,59.0174428133
49,2016-01-30-82,1.0
50,2016-01-30-82,1.0
51,2016-01-30-82,80.7737904606
52,2016-01-30-82,1.0
53,2016-01-30-82,1.42331773448
54,2016-01-30-82,1.0
55,2016-01-30-82,1.0
56,2016-01-30-82,1.0
57,2016-01-30-82,1.0
58,2016-01-30-82,1.012739467
59,2016-01-30-82,1.0
60,2016-01-30-82,1.0
61,2016-01-30-82,1.0
62,2016-01-30-82,1.0
63,2016-01-30-82,1.0
64,2016-01-30-82,1.08007750157
65,2016-01-30-82,1.0
66,2016-01-30-82,1.0
1,2016-01-30-94,5.01190384244
2,2016-01-30-94,1.08559548678
3,2016-01-30-94,1.0
4,2016-01-30-94,9.91361836804
5,2016-01-30-94,1.0
6,2016-01-30-94,3.93025775452
7,2016-01-30-94,63.504289738
8,2016-01-30-94,136.103759629
9,2016-01-30-94,2.30282485554
10,2016-01-30-94,1.0932503246
11,2016-01-30-94,1.25942627038
12,2016-01-30-94,4.29633509094
13,2016-01-30-94,1.0
14,2016-01-30-94,18.6530717094
15,2016-01-30-94,1.0
16,2016-01-30-94,1.60081876429
17,2016-01-30-94,1.0
18,2016-01-30-94,1.01980207027
19,2016-01-30-94,1.54547463101
20,2016-01-30-94,4.26618999388
21,2016-01-30-94,2.28143862752
22,2016-01-30-94,17.6934339447
23,2016-01-30-94,137.696005535
24,2016-01-30-94,12.5271992699
25,2016-01-30-94,1.09228513768
26,2016-01-30-94,9.40134830295
27,2016-01-30-94,9.50345276088
28,2016-01-30-94,10.4427331775
29,2016-01-30-94,2.18873168804
30,2016-01-30-94,1.0
31,2016-01-30-94,1.71505382615
32,2016-01-30-94,1.0
33,2016-01-30-94,1.0
34,2016-01-30-94,1.37482379368
35,2016-01-30-94,1.61018599363
36,2016-01-30-94,1.0
37,2016-01-30-94,23.6254565019
38,2016-01-30-94,1.2732698761
39,2016-01-30-94,1.33330921493
40,2016-01-30-94,1.61127835567
41,2016-01-30-94,1.01926875313
42,2016-01-30-94,3.22594008584
43,2016-01-30-94,1.0
44,2016-01-30-94,1.0
45,2016-01-30-94,1.0
46,2016-01-30-94,13.8089338576
47,2016-01-30-94,1.44233355238
48,2016-01-30-94,103.898148372
49,2016-01-30-94,1.0
50,2016-01-30-94,1.0
51,2016-01-30-94,292.003619112
52,2016-01-30-94,1.0
53,2016-01-30-94,1.02913806784
54,2016-01-30-94,1.0
55,2016-01-30-94,1.0
56,2016-01-30-94,1.0
57,2016-01-30-94,1.0
58,2016-01-30-94,1.0
59,2016-01-30-94,1.0
60,2016-01-30-94,1.0
61,2016-01-30-94,1.0
62,2016-01-30-94,1.4320539553
63,2016-01-30-94,1.0
64,2016-01-30-94,1.0
65,2016-01-30-94,1.0
66,2016-01-30-94,1.0
1,2016-01-30-106,5.0583167769
2,2016-01-30-106,1.17524333534
3,2016-01-30-106,1.0
4,2016-01-30-106,11.5265108226
5,2016-01-30-106,1.0
6,2016-01-30-106,2.61872559533
7,2016-01-30-106,80.8996782014
8,2016-01-30-106,118.43963616
9,2016-01-30-106,2.89974641464
10,2016-01-30-106,1.6988185485
11,2016-01-30-106,2.29004464606
12,2016-01-30-106,7.31894477269
13,2016-01-30-106,1.23472832478
14,2016-01-30-106,28.5522914558
15,2016-01-30-106,1.0
16,2016-01-30-106,3.34081383932
17,2016-01-30-106,1.0
18,2016-01-30-106,1.08574179313
19,2016-01-30-106,2.34845743491
20,2016-01-30-106,4.3480346536
21,2016-01-30-106,2.16735365995
22,2016-01-30-106,19.0987348373
23,2016-01-30-106,77.9820562474
24,2016-01-30-106,10.5728714106
25,2016-01-30-106,1.63125551269
26,2016-01-30-106,7.05732847129
27,2016-01-30-106,14.1594605137
28,2016-01-30-106,24.1081040166
29,2016-01-30-106,1.44095101651
30,2016-01-30-106,1.0
31,2016-01-30-106,2.84890564033
32,2016-01-30-106,1.0
33,2016-01-30-106,1.0
34,2016-01-30-106,1.82111991258
35,2016-01-30-106,3.39894842069
36,2016-01-30-106,1.6075877741
37,2016-01-30-106,16.8011066981
38,2016-01-30-106,1.28073363539
39,2016-01-30-106,1.55966443359
40,2016-01-30-106,1.62672605589
41,2016-01-30-106,1.05930337071
42,2016-01-30-106,3.17166799561
43,2016-01-30-106,1.18130222201
44,2016-01-30-106,1.0
45,2016-01-30-106,1.55183268718
46,2016-01-30-106,5.60082805076
47,2016-01-30-106,1.0
48,2016-01-30-106,297.737323665
49,2016-01-30-106,1.0
50,2016-01-30-106,1.0
51,2016-01-30-106,235.746021932
52,2016-01-30-106,1.0
53,2016-01-30-106,1.0
54,2016-01-30-106,1.0
55,2016-01-30-106,1.0
56,2016-01-30-106,1.01627698451
57,2016-01-30-106,1.0
58,2016-01-30-106,1.0
59,2016-01-30-106,1.0
60,2016-01-30-106,1.0
61,2016-01-30-106,1.0
62,2016-01-30-106,1.0
63,2016-01-30-106,1.0
64,2016-01-30-106,1.0
65,2016-01-30-106,1.0
66,2016-01-30-106,1.0
1,2016-01-30-118,5.52907683526
2,2016-01-30-118,1.00320138905
3,2016-01-30-118,1.0
4,2016-01-30-118,2.79690262114
5,2016-01-30-118,1.0
6,2016-01-30-118,1.80982175323
7,2016-01-30-118,10.9408499812
8,2016-01-30-118,13.4968216271
9,2016-01-30-118,1.78824078514
10,2016-01-30-118,1.01259884008
11,2016-01-30-118,1.20642462375
12,2016-01-30-118,4.03964307198
13,2016-01-30-118,1.0
14,2016-01-30-118,3.38656204565
15,2016-01-30-118,1.0
16,2016-01-30-118,1.0
17,2016-01-30-118,1.0
18,2016-01-30-118,1.05437419715
19,2016-01-30-118,2.15427973991
20,2016-01-30-118,4.60836346397
21,2016-01-30-118,2.23232794761
22,2016-01-30-118,15.6088627338
23,2016-01-30-118,10.5658114412
24,2016-01-30-118,2.82095797024
25,2016-01-30-118,1.32597062449
26,2016-01-30-118,2.49708257702
27,2016-01-30-118,9.78020228355
28,2016-01-30-118,5.07099621935
29,2016-01-30-118,1.66428439036
30,2016-01-30-118,1.0
31,2016-01-30-118,1.82018501982
32,2016-01-30-118,1.0
33,2016-01-30-118,1.0
34,2016-01-30-118,1.45084110126
35,2016-01-30-118,1.91038506102
36,2016-01-30-118,1.18181135027
37,2016-01-30-118,6.41478171054
38,2016-01-30-118,1.15899626276
39,2016-01-30-118,1.5204045329
40,2016-01-30-118,1.43102787367
41,2016-01-30-118,1.0
42,2016-01-30-118,2.75622773061
43,2016-01-30-118,1.28602505975
44,2016-01-30-118,1.0
45,2016-01-30-118,1.06384429313
46,2016-01-30-118,4.43685870921
47,2016-01-30-118,2.63366024575
48,2016-01-30-118,7.47411694891
49,2016-01-30-118,1.0
50,2016-01-30-118,1.0
51,2016-01-30-118,26.4945604374
52,2016-01-30-118,1.0
53,2016-01-30-118,1.0
54,2016-01-30-118,1.0
55,2016-01-30-118,1.0
56,2016-01-30-118,1.0
57,2016-01-30-118,1.0
58,2016-01-30-118,1.0
59,2016-01-30-118,1.0
60,2016-01-30-118,1.0
61,2016-01-30-118,1.0
62,2016-01-30-118,1.0
63,2016-01-30-118,1.0
64,2016-01-30-118,1.0
65,2016-01-30-118,1.0
66,2016-01-30-118,1.0
1,2016-01-30-130,6.90455987451
2,2016-01-30-130,1.0
3,2016-01-30-130,1.0
4,2016-01-30-130,7.16121808623
5,2016-01-30-130,1.0
6,2016-01-30-130,1.0
7,2016-01-30-130,49.1152662893
8,2016-01-30-130,93.4871215266
9,2016-01-30-130,1.85434147007
10,2016-01-30-130,1.20833156466
11,2016-01-30-130,1.12758272696
12,2016-01-30-130,8.91891199141
13,2016-01-30-130,1.09434848928
14,2016-01-30-130,6.49499042734
15,2016-01-30-130,1.0
16,2016-01-30-130,1.03309581038
17,2016-01-30-130,1.0
18,2016-01-30-130,1.16896649053
19,2016-01-30-130,1.57609031257
20,2016-01-30-130,3.29451040708
21,2016-01-30-130,2.0906130098
22,2016-01-30-130,13.576139238
23,2016-01-30-130,50.7242619139
24,2016-01-30-130,3.17978746584
25,2016-01-30-130,2.3273920274
26,2016-01-30-130,2.58807057485
27,2016-01-30-130,9.06442294912
28,2016-01-30-130,39.1060983164
29,2016-01-30-130,1.88040873197
30,2016-01-30-130,1.0
31,2016-01-30-130,1.27786242445
32,2016-01-30-130,1.0
33,2016-01-30-130,1.0
34,2016-01-30-130,1.25300578666
35,2016-01-30-130,1.0
36,2016-01-30-130,1.0
37,2016-01-30-130,7.21009029518
38,2016-01-30-130,3.76515040727
39,2016-01-30-130,2.106519362
40,2016-01-30-130,1.39806101222
41,2016-01-30-130,1.03691207261
42,2016-01-30-130,3.10286011295
43,2016-01-30-130,1.0
44,2016-01-30-130,1.0
45,2016-01-30-130,1.0
46,2016-01-30-130,6.35803826438
47,2016-01-30-130,1.0
48,2016-01-30-130,82.7180881827
49,2016-01-30-130,1.0
50,2016-01-30-130,1.0
51,2016-01-30-130,846.824370217
52,2016-01-30-130,1.0
53,2016-01-30-130,1.0
54,2016-01-30-130,1.0
55,2016-01-30-130,1.0
56,2016-01-30-130,1.0
57,2016-01-30-130,1.03316408694
58,2016-01-30-130,1.0
59,2016-01-30-130,1.0
60,2016-01-30-130,1.0
61,2016-01-30-130,1.0
62,2016-01-30-130,1.0
63,2016-01-30-130,1.0
64,2016-01-30-130,1.0
65,2016-01-30-130,1.0
66,2016-01-30-130,1.0
1,2016-01-30-142,4.68595325893
2,2016-01-30-142,1.0
3,2016-01-30-142,1.0
4,2016-01-30-142,1.837735851
5,2016-01-30-142,1.0
6,2016-01-30-142,2.01005000762
7,2016-01-30-142,7.0892273679
8,2016-01-30-142,17.9303723071
9,2016-01-30-142,1.48791238464
10,2016-01-30-142,1.0
11,2016-01-30-142,1.0
12,2016-01-30-142,4.44960235927
13,2016-01-30-142,1.0
14,2016-01-30-142,2.18957628422
15,2016-01-30-142,1.0
16,2016-01-30-142,1.00664686373
17,2016-01-30-142,1.0
18,2016-01-30-142,1.0
19,2016-01-30-142,1.49974485673
20,2016-01-30-142,2.24726421724
21,2016-01-30-142,1.58594021148
22,2016-01-30-142,13.0210456722
23,2016-01-30-142,12.8819671098
24,2016-01-30-142,3.42812354941
25,2016-01-30-142,1.24164966158
26,2016-01-30-142,1.0
27,2016-01-30-142,4.74096476983
28,2016-01-30-142,5.45844630538
29,2016-01-30-142,1.24421662405
30,2016-01-30-142,1.0
31,2016-01-30-142,1.34508766862
32,2016-01-30-142,1.0
33,2016-01-30-142,1.0
34,2016-01-30-142,1.0
35,2016-01-30-142,1.0
36,2016-01-30-142,1.0
37,2016-01-30-142,5.46712013856
38,2016-01-30-142,1.15965208043
39,2016-01-30-142,1.79276131827
40,2016-01-30-142,1.06785987635
41,2016-01-30-142,1.0
42,2016-01-30-142,2.41071417065
43,2016-01-30-142,1.0
44,2016-01-30-142,1.0
45,2016-01-30-142,1.0
46,2016-01-30-142,2.334662973
47,2016-01-30-142,1.38576110925
48,2016-01-30-142,9.40261179304
49,2016-01-30-142,1.0
50,2016-01-30-142,1.0
51,2016-01-30-142,123.073679802
52,2016-01-30-142,1.0
53,2016-01-30-142,1.0
54,2016-01-30-142,1.0
55,2016-01-30-142,1.0
56,2016-01-30-142,1.0
57,2016-01-30-142,1.0
58,2016-01-30-142,1.0
59,2016-01-30-142,1.0
60,2016-01-30-142,1.0
61,2016-01-30-142,1.0
62,2016-01-30-142,1.0
63,2016-01-30-142,1.0
64,2016-01-30-142,1.0
65,2016-01-30-142,1.0
66,2016-01-30-142,1.0
